File Name,File Path,File Type,Functionality,Active Status,Code/Info Quality,Size Category,Recommendation,Notes
run_tracker.R,modules/tracker/run_tracker.R,R Script,Main entry point for tracker analysis - orchestrates entire tracking workflow,Active,HIGH - Well-structured with comprehensive error handling and logging,472 lines,KEEP,Core module - critical for all operations
run_tracker_gui.R,modules/tracker/run_tracker_gui.R,R Script,Shiny GUI interface for tracker - provides user-friendly graphical interface,Active,HIGH - Professional Shiny app with file selection and real-time console output,689 lines,KEEP,Primary user interface for non-technical users
tracker_config_loader.R,modules/tracker/tracker_config_loader.R,R Script,Loads and parses tracking configuration from Excel files,Active,HIGH - Robust configuration loading with validation,~400 lines,KEEP,Core module - handles all configuration input
wave_loader.R,modules/tracker/wave_loader.R,R Script,Loads wave data files (CSV/Excel/SAV/DTA) and applies weights,Active,HIGH - Supports multiple formats with data cleaning,~500 lines,KEEP,Core module - essential for data input
question_mapper.R,modules/tracker/question_mapper.R,R Script,Maps question codes across waves when they differ,Active,HIGH - Handles question code changes between waves,~350 lines,KEEP,Core module - enables tracking across questionnaire changes
validation_tracker.R,modules/tracker/validation_tracker.R,R Script,Comprehensive validation of configuration data and mappings,Active,HIGH - Extensive validation with clear error messages,~600 lines,KEEP,Critical for data quality and error prevention
trend_calculator.R,modules/tracker/trend_calculator.R,R Script,Calculates trends and statistical significance for all question types,Active,HIGH - Complex statistical calculations with proper testing,~800 lines,KEEP,Core module - heart of the tracker analysis
banner_trends.R,modules/tracker/banner_trends.R,R Script,Calculates trends broken out by demographic segments (Phase 3),Active,HIGH - Implements segment-level trend analysis,~400 lines,KEEP,Core module - enables demographic breakout analysis
formatting_utils.R,modules/tracker/formatting_utils.R,R Script,Utility functions for formatting output (decimal places separators),Active,MEDIUM - Support functions for output formatting,~200 lines,KEEP,Supporting module - used by output generation
tracker_output.R,modules/tracker/tracker_output.R,R Script,Formats and writes Excel output (detailed and wave history reports),Active,HIGH - Complex Excel generation with multiple report types,~500 lines,KEEP,Core module - generates final deliverables
constants.R,modules/tracker/constants.R,R Script,Defines constants used throughout the module,Active,MEDIUM - Simple constant definitions,Small,KEEP,Supporting module - centralized constants
create_templates.R,modules/tracker/create_templates.R,R Script,Generates template files for new tracker projects,Active,MEDIUM - Template generation utility,~150 lines,KEEP,Useful utility for setup
debug_tracker.R,modules/tracker/debug_tracker.R,R Script,Debugging utility for troubleshooting tracker issues,Supporting,MEDIUM - Diagnostic tool for development,Unknown,KEEP,Useful for troubleshooting
diagnose_wave3_columns.R,modules/tracker/diagnose_wave3_columns.R,R Script,Specific diagnostic script for Wave 3 column issues,Inactive,LOW - Single-purpose diagnostic,Small,ARCHIVE,Was used for specific bug fix - no longer needed
run_ccs_tracking.R,modules/tracker/run_ccs_tracking.R,R Script,Legacy script for CCS-specific tracking project,Inactive,LOW - Project-specific legacy code,Unknown,ARCHIVE,Project-specific - should be moved to project folder
test_quick_fixes.R,modules/tracker/test_quick_fixes.R,R Script,Test script for quick bug fixes,Inactive,LOW - Temporary testing script,Unknown,ARCHIVE,Temporary test file - no longer needed
test_wave_history.R,modules/tracker/test_wave_history.R,R Script,Test script for wave history report functionality,Supporting,MEDIUM - Functional test for wave history,Unknown,KEEP,Useful for testing wave history feature
verify_tracker_fix.R,modules/tracker/verify_tracker_fix.R,R Script,Verification script for specific bug fix,Inactive,LOW - Single-purpose verification,Small,ARCHIVE,Was used to verify specific fix - no longer needed
test_enhancements.R,modules/tracker/test_data/test_enhancements.R,R Script,Test script for TrackingSpecs enhancements,Supporting,MEDIUM - Tests new enhancement features,Unknown,KEEP,Important for testing enhancements
test_mvt.R,modules/tracker/test_data/test_mvt.R,R Script,End-to-end MVT (Minimum Viable Tracker) test,Supporting,MEDIUM - Integration test,Unknown,KEEP,Useful for comprehensive testing
test_phase1.R,modules/tracker/test_data/test_phase1.R,R Script,Phase 1 functionality test (configuration and loading),Supporting,MEDIUM - Phase-specific test,Unknown,KEEP,Useful for testing Phase 1 features
test_phase2.R,modules/tracker/test_data/test_phase2.R,R Script,Phase 2 functionality test (trend calculation),Supporting,MEDIUM - Phase-specific test,Unknown,KEEP,Useful for testing Phase 2 features
test_phase3.R,modules/tracker/test_data/test_phase3.R,R Script,Phase 3 functionality test (banner analysis),Supporting,MEDIUM - Phase-specific test,Unknown,KEEP,Useful for testing Phase 3 features
USER_MANUAL.md,modules/tracker/USER_MANUAL.md,Documentation,Comprehensive user manual (v2.1) covering all tracker features,Active,EXCELLENT - Complete 2237-line manual with examples,Large,KEEP,"Most current user documentation - CRITICAL REFERENCE. Last updated 2025-12-02, includes TrackingSpecs, wave history, all question types"
README_TEMPLATES.md,modules/tracker/README_TEMPLATES.md,Documentation,Template usage guide explaining the three template files,Active,HIGH - Clear 238-line guide for template setup,Medium,KEEP,Essential for new users - explains template structure and usage
TECHNICAL_DOCUMENTATION.md,modules/tracker/TECHNICAL_DOCUMENTATION.md,Documentation,Technical documentation for developers and maintainers (v1.0),Active,HIGH - Comprehensive 1304-line technical reference,Large,UPDATE,"OUTDATED - Last updated 2025-11-18, says v1.0 but USER_MANUAL says v2.1. Needs update to reflect current state (v2.1 with TrackingSpecs). This is what user asked to be rewritten."
QUICK_START.md,modules/tracker/QUICK_START.md,Documentation,Quick start guide (15-minute introduction) for v2.0,Active,HIGH - Concise 532-line introduction,Medium,KEEP,Good starting point for new users - includes v2.0 features
EXAMPLE_WORKFLOWS.md,modules/tracker/EXAMPLE_WORKFLOWS.md,Documentation,Eight detailed workflow examples covering common scenarios,Active,HIGH - Comprehensive 1161-line workflow guide,Large,KEEP,Valuable for understanding practical usage patterns
BUG_FIX_SUMMARY.md,modules/tracker/BUG_FIX_SUMMARY.md,Documentation,Summary of TrackingSpecs GUI bug fix,Inactive,MEDIUM - 70-line bug fix documentation,Small,ARCHIVE,Historical record of specific bug - useful but could be archived
FINAL_FIX_SUMMARY.md,modules/tracker/FINAL_FIX_SUMMARY.md,Documentation,Summary of Q45 multi-category tracking fixes,Inactive,MEDIUM - 60-line fix documentation,Small,ARCHIVE,Historical record of specific fixes - useful but could be archived
ENHANCEMENT_SUMMARY.md,modules/tracker/ENHANCEMENT_SUMMARY.md,Documentation,Summary of TrackingSpecs enhancement implementation,Inactive,MEDIUM - 96-line enhancement summary,Small,ARCHIVE,Historical record - details captured in main docs now
TURAS_TRACKER_ENHANCEMENT.md,modules/tracker/TURAS_TRACKER_ENHANCEMENT.md,Documentation,Comprehensive design specification for TrackingSpecs feature (v1.0),Reference,EXCELLENT - Complete 1854-line technical spec,Very Large,KEEP,Critical design document - should be preserved as architectural reference
TRACKER_ENHANCEMENT_SPEC_Wave_History_Reports.md,modules/tracker/TRACKER_ENHANCEMENT_SPEC_Wave_History_Reports.md,Documentation,Design specification for Wave History report format (v1.0),Reference,HIGH - Detailed 498-line specification,Large,KEEP,Important design document for wave history feature
TESTING_WALKTHROUGH.md,modules/tracker/TESTING_WALKTHROUGH.md,Documentation,Testing guide for tracker enhancements,Active,MEDIUM - 224-line testing guide,Medium,KEEP,Useful for QA and testing new features
WAVE_HISTORY_WALKTHROUGH.md,modules/tracker/WAVE_HISTORY_WALKTHROUGH.md,Documentation,Quick walkthrough for using Wave History reports (v1.0),Active,HIGH - Clear 284-line walkthrough,Medium,KEEP,Helpful guide for wave history feature
tracking_config_template.xlsx,modules/tracker/tracking_config_template.xlsx,Template,Main configuration template with Waves Settings Banner TrackedQuestions sheets,Active,EXCELLENT - Production-ready template,N/A,KEEP,Essential template - defines 3 waves with examples
question_mapping_template.xlsx,modules/tracker/question_mapping_template.xlsx,Template,Question mapping template showing how to map questions across waves,Active,EXCELLENT - Production-ready template,N/A,KEEP,Essential template - shows 8 example question mappings
wave_data_template.csv,modules/tracker/wave_data_template.csv,Template,Example wave data file showing required structure (100 sample records),Active,EXCELLENT - Production-ready template,N/A,KEEP,Essential template - demonstrates data structure
derived_metrics_template.xlsx,modules/tracker/derived_metrics_template.xlsx,Template,Template for derived metrics configuration,Supporting,MEDIUM - Additional template,N/A,KEEP,Useful for advanced features
master_dictionary_template.csv,modules/tracker/master_dictionary_template.csv,Template,Template for master data dictionary,Supporting,MEDIUM - Additional template,N/A,KEEP,Useful for documentation purposes

Summary Statistics:
- Total Files: 40
- Core R Scripts (KEEP): 11
- Supporting R Scripts (KEEP): 7
- Test Scripts (KEEP): 5
- Inactive/Archive R Scripts: 4
- Active Documentation (KEEP): 11
- Historical Documentation (ARCHIVE): 3
- Templates (KEEP): 5
- Files to KEEP: 39
- Files to ARCHIVE: 5
- Files to DELETE: 0

Key Findings:
1. TECHNICAL_DOCUMENTATION.md is OUTDATED (v1.0) and needs complete rewrite to reflect v2.1 with TrackingSpecs
2. All 11 core R scripts are high quality and essential - DO NOT DELETE
3. Most documentation is current and valuable
4. A few diagnostic/project-specific scripts can be archived but not deleted
5. All 3 template files are production-ready and essential
6. No files should be deleted - everything has value for reference or future use

Quality Assessment:
- Core Module Code Quality: HIGH (9/10) - Well-structured professional code with good error handling
- Documentation Quality: EXCELLENT (9/10) - Very comprehensive with USER_MANUAL being exceptional
- Template Quality: EXCELLENT (10/10) - Production-ready validated templates
- Test Coverage: MEDIUM (6/10) - Has test scripts but coverage could be improved

Known Issues (from analysis):
1. TECHNICAL_DOCUMENTATION.md outdated (shows v1.0 but system is v2.1)
2. Q10 Multi_Mention with TrackingSpecs has known bug
3. Some historical bug fix documentation could be consolidated
4. Test coverage estimated at 10-15% (manual testing only)