resp_id,choice_set_id,alternative_id,Brand,Price,Screen_Size,Battery_Life,Camera_Quality,chosen
1,1,1,Apple,$299,6.7 inches,18 hours,Basic,1
1,1,2,Samsung,$399,6.7 inches,12 hours,Excellent,0
1,1,3,Apple,$599,5.5 inches,12 hours,Basic,0
1,2,1,Samsung,$399,6.7 inches,24 hours,Basic,0
1,2,2,Samsung,$599,5.5 inches,18 hours,Excellent,0
1,2,3,Google,$299,5.5 inches,24 hours,Good,1
1,3,1,Google,$499,5.5 inches,12 hours,Good,1
1,3,2,Apple,$299,6.1 inches,12 hours,Good,0
1,3,3,Google,$499,5.5 inches,24 hours,Good,0
1,4,1,Apple,$599,5.5 inches,24 hours,Good,0
1,4,2,Google,$399,6.7 inches,12 hours,Basic,1
1,4,3,Samsung,$499,5.5 inches,12 hours,Basic,0
1,5,1,OnePlus,$499,6.1 inches,24 hours,Good,0
1,5,2,Samsung,$499,6.1 inches,12 hours,Excellent,0
1,5,3,Google,$299,6.7 inches,24 hours,Basic,1
1,6,1,Samsung,$399,6.1 inches,18 hours,Good,1
1,6,2,Samsung,$499,5.5 inches,12 hours,Basic,0
1,6,3,Google,$599,6.1 inches,12 hours,Basic,0
1,7,1,Google,$399,6.7 inches,18 hours,Good,1
1,7,2,OnePlus,$399,6.1 inches,12 hours,Basic,0
1,7,3,Google,$599,6.7 inches,18 hours,Good,0
1,8,1,Samsung,$399,6.7 inches,18 hours,Basic,1
1,8,2,Apple,$299,5.5 inches,24 hours,Basic,0
1,8,3,OnePlus,$299,6.1 inches,18 hours,Excellent,0
2,9,1,OnePlus,$499,6.7 inches,12 hours,Excellent,0
2,9,2,Apple,$499,6.7 inches,18 hours,Basic,1
2,9,3,Google,$599,5.5 inches,18 hours,Basic,0
2,10,1,Google,$399,6.7 inches,12 hours,Excellent,0
2,10,2,Google,$399,5.5 inches,18 hours,Basic,0
2,10,3,Apple,$499,6.1 inches,12 hours,Basic,1
2,11,1,Google,$499,5.5 inches,12 hours,Basic,0
2,11,2,Apple,$299,6.7 inches,18 hours,Basic,0
2,11,3,Samsung,$399,6.7 inches,18 hours,Excellent,1
2,12,1,Samsung,$499,6.7 inches,24 hours,Good,1
2,12,2,Samsung,$399,6.7 inches,18 hours,Good,0
2,12,3,Google,$599,6.7 inches,18 hours,Basic,0
2,13,1,Samsung,$399,5.5 inches,18 hours,Basic,0
2,13,2,Samsung,$399,5.5 inches,12 hours,Excellent,1
2,13,3,Apple,$399,5.5 inches,12 hours,Good,0
2,14,1,Apple,$399,6.1 inches,24 hours,Good,0
2,14,2,Samsung,$399,6.7 inches,24 hours,Excellent,1
2,14,3,OnePlus,$399,6.1 inches,18 hours,Basic,0
2,15,1,Apple,$299,6.7 inches,18 hours,Good,1
2,15,2,OnePlus,$599,6.1 inches,24 hours,Basic,0
2,15,3,Apple,$299,6.1 inches,24 hours,Good,0
2,16,1,Apple,$399,5.5 inches,12 hours,Excellent,1
2,16,2,OnePlus,$399,6.1 inches,12 hours,Good,0
2,16,3,OnePlus,$399,5.5 inches,18 hours,Excellent,0
3,17,1,Apple,$299,6.7 inches,24 hours,Basic,1
3,17,2,Apple,$399,5.5 inches,18 hours,Good,0
3,17,3,OnePlus,$399,6.1 inches,12 hours,Basic,0
3,18,1,OnePlus,$299,6.1 inches,18 hours,Good,0
3,18,2,Google,$599,6.7 inches,24 hours,Excellent,1
3,18,3,OnePlus,$399,5.5 inches,18 hours,Basic,0
3,19,1,Apple,$299,6.7 inches,18 hours,Basic,0
3,19,2,Apple,$599,6.7 inches,24 hours,Basic,0
3,19,3,Apple,$299,5.5 inches,12 hours,Excellent,1
3,20,1,Apple,$399,6.1 inches,12 hours,Excellent,0
3,20,2,Samsung,$299,6.7 inches,12 hours,Good,1
3,20,3,Google,$499,5.5 inches,24 hours,Excellent,0
3,21,1,Google,$399,6.1 inches,18 hours,Basic,1
3,21,2,Google,$599,6.1 inches,12 hours,Basic,0
3,21,3,OnePlus,$299,5.5 inches,24 hours,Basic,0
3,22,1,Google,$399,6.1 inches,12 hours,Basic,0
3,22,2,Google,$499,5.5 inches,18 hours,Excellent,0
3,22,3,Google,$299,6.7 inches,24 hours,Good,1
3,23,1,Apple,$399,6.1 inches,12 hours,Basic,0
3,23,2,Samsung,$499,6.1 inches,24 hours,Basic,0
3,23,3,Google,$399,6.7 inches,24 hours,Good,1
3,24,1,OnePlus,$499,5.5 inches,12 hours,Excellent,0
3,24,2,OnePlus,$499,5.5 inches,12 hours,Good,0
3,24,3,Samsung,$499,5.5 inches,24 hours,Good,1
4,25,1,OnePlus,$299,5.5 inches,12 hours,Excellent,1
4,25,2,Samsung,$299,6.1 inches,24 hours,Excellent,0
4,25,3,Samsung,$599,5.5 inches,12 hours,Good,0
4,26,1,Google,$299,6.1 inches,12 hours,Excellent,0
4,26,2,Samsung,$299,6.1 inches,24 hours,Good,1
4,26,3,Samsung,$399,5.5 inches,12 hours,Good,0
4,27,1,Apple,$399,6.7 inches,18 hours,Good,1
4,27,2,Samsung,$499,5.5 inches,24 hours,Basic,0
4,27,3,OnePlus,$299,6.1 inches,12 hours,Basic,0
4,28,1,OnePlus,$499,6.1 inches,12 hours,Basic,0
4,28,2,Apple,$399,6.1 inches,18 hours,Good,0
4,28,3,Apple,$499,6.1 inches,24 hours,Excellent,1
4,29,1,OnePlus,$499,5.5 inches,12 hours,Good,0
4,29,2,Samsung,$499,5.5 inches,12 hours,Excellent,1
4,29,3,OnePlus,$499,6.7 inches,18 hours,Good,0
4,30,1,Apple,$599,6.7 inches,12 hours,Good,0
4,30,2,Apple,$599,5.5 inches,24 hours,Excellent,0
4,30,3,Samsung,$499,6.1 inches,12 hours,Excellent,1
4,31,1,Google,$499,6.7 inches,12 hours,Excellent,1
4,31,2,Google,$499,6.7 inches,18 hours,Good,0
4,31,3,OnePlus,$499,6.7 inches,12 hours,Basic,0
4,32,1,OnePlus,$599,6.7 inches,24 hours,Basic,0
4,32,2,Google,$599,6.7 inches,12 hours,Good,0
4,32,3,Google,$399,6.1 inches,24 hours,Excellent,1
5,33,1,Google,$599,6.1 inches,18 hours,Excellent,0
5,33,2,Samsung,$599,6.7 inches,12 hours,Excellent,0
5,33,3,Apple,$499,6.7 inches,24 hours,Excellent,1
5,34,1,Google,$299,5.5 inches,24 hours,Good,1
5,34,2,Samsung,$399,5.5 inches,12 hours,Basic,0
5,34,3,Samsung,$599,6.7 inches,12 hours,Good,0
5,35,1,OnePlus,$399,6.7 inches,24 hours,Good,1
5,35,2,OnePlus,$599,5.5 inches,12 hours,Excellent,0
5,35,3,Apple,$299,6.1 inches,12 hours,Basic,0
5,36,1,OnePlus,$299,6.7 inches,12 hours,Basic,0
5,36,2,OnePlus,$399,6.1 inches,24 hours,Excellent,1
5,36,3,Google,$599,6.7 inches,24 hours,Excellent,0
5,37,1,OnePlus,$599,5.5 inches,24 hours,Good,0
5,37,2,OnePlus,$499,5.5 inches,24 hours,Good,1
5,37,3,OnePlus,$399,6.1 inches,18 hours,Basic,0
5,38,1,Google,$399,6.1 inches,18 hours,Good,1
5,38,2,Apple,$399,5.5 inches,12 hours,Good,0
5,38,3,Samsung,$399,5.5 inches,18 hours,Good,0
5,39,1,Google,$599,6.1 inches,12 hours,Basic,1
5,39,2,OnePlus,$599,6.7 inches,24 hours,Basic,0
5,39,3,OnePlus,$599,5.5 inches,18 hours,Good,0
5,40,1,OnePlus,$599,6.7 inches,24 hours,Excellent,1
5,40,2,Samsung,$599,5.5 inches,18 hours,Good,0
5,40,3,OnePlus,$299,6.1 inches,18 hours,Excellent,0
6,41,1,OnePlus,$399,6.1 inches,12 hours,Excellent,0
6,41,2,Apple,$599,6.7 inches,24 hours,Excellent,0
6,41,3,Apple,$299,6.7 inches,18 hours,Basic,1
6,42,1,OnePlus,$399,5.5 inches,18 hours,Good,0
6,42,2,Google,$399,6.1 inches,18 hours,Good,1
6,42,3,OnePlus,$499,6.1 inches,18 hours,Basic,0
6,43,1,OnePlus,$299,6.7 inches,24 hours,Basic,0
6,43,2,Google,$399,6.7 inches,12 hours,Excellent,0
6,43,3,Apple,$299,5.5 inches,12 hours,Basic,1
6,44,1,Samsung,$399,5.5 inches,18 hours,Excellent,0
6,44,2,Apple,$399,6.1 inches,24 hours,Good,0
6,44,3,Google,$399,6.7 inches,24 hours,Excellent,1
6,45,1,Apple,$399,6.1 inches,12 hours,Excellent,1
6,45,2,Apple,$499,6.7 inches,24 hours,Good,0
6,45,3,OnePlus,$399,5.5 inches,24 hours,Excellent,0
6,46,1,Samsung,$299,6.7 inches,18 hours,Excellent,1
6,46,2,Apple,$299,6.1 inches,24 hours,Good,0
6,46,3,Google,$299,6.7 inches,24 hours,Good,0
6,47,1,Apple,$599,6.1 inches,12 hours,Good,0
6,47,2,Google,$599,6.7 inches,12 hours,Good,0
6,47,3,Samsung,$499,6.7 inches,24 hours,Good,1
6,48,1,OnePlus,$599,6.7 inches,24 hours,Good,0
6,48,2,Google,$399,5.5 inches,18 hours,Good,0
6,48,3,Samsung,$599,6.7 inches,24 hours,Excellent,1
7,49,1,OnePlus,$499,5.5 inches,18 hours,Good,0
7,49,2,Samsung,$599,5.5 inches,18 hours,Good,1
7,49,3,Google,$499,6.7 inches,24 hours,Good,0
7,50,1,Apple,$399,5.5 inches,12 hours,Excellent,1
7,50,2,OnePlus,$599,6.7 inches,12 hours,Excellent,0
7,50,3,OnePlus,$599,6.1 inches,12 hours,Basic,0
7,51,1,Google,$399,6.1 inches,24 hours,Basic,0
7,51,2,Google,$499,6.1 inches,24 hours,Excellent,1
7,51,3,Google,$599,6.7 inches,24 hours,Good,0
7,52,1,Google,$599,6.1 inches,18 hours,Good,0
7,52,2,Samsung,$299,6.7 inches,12 hours,Good,0
7,52,3,Apple,$399,5.5 inches,12 hours,Excellent,1
7,53,1,OnePlus,$499,6.7 inches,24 hours,Excellent,0
7,53,2,Google,$299,5.5 inches,18 hours,Basic,0
7,53,3,Google,$399,6.1 inches,12 hours,Excellent,1
7,54,1,Samsung,$499,5.5 inches,12 hours,Excellent,0
7,54,2,Google,$399,6.7 inches,18 hours,Basic,1
7,54,3,Apple,$499,6.1 inches,18 hours,Good,0
7,55,1,Google,$399,5.5 inches,18 hours,Good,0
7,55,2,Apple,$299,6.1 inches,18 hours,Basic,0
7,55,3,Apple,$399,5.5 inches,24 hours,Good,1
7,56,1,Apple,$399,5.5 inches,24 hours,Good,1
7,56,2,Samsung,$599,6.1 inches,18 hours,Good,0
7,56,3,OnePlus,$499,6.7 inches,24 hours,Basic,0
8,57,1,Apple,$399,6.7 inches,12 hours,Good,1
8,57,2,Apple,$399,5.5 inches,12 hours,Excellent,0
8,57,3,Apple,$399,5.5 inches,18 hours,Good,0
8,58,1,OnePlus,$499,5.5 inches,12 hours,Good,0
8,58,2,Google,$599,5.5 inches,24 hours,Basic,0
8,58,3,Google,$399,6.1 inches,12 hours,Excellent,1
8,59,1,Samsung,$399,6.1 inches,12 hours,Basic,0
8,59,2,Apple,$399,6.1 inches,24 hours,Excellent,1
8,59,3,Google,$599,5.5 inches,18 hours,Excellent,0
8,60,1,Google,$599,6.1 inches,24 hours,Excellent,1
8,60,2,OnePlus,$599,5.5 inches,24 hours,Basic,0
8,60,3,OnePlus,$499,6.7 inches,18 hours,Basic,0
8,61,1,Apple,$399,6.7 inches,24 hours,Excellent,1
8,61,2,Apple,$499,6.7 inches,12 hours,Basic,0
8,61,3,OnePlus,$599,6.1 inches,12 hours,Excellent,0
8,62,1,OnePlus,$599,5.5 inches,18 hours,Good,0
8,62,2,OnePlus,$499,6.1 inches,24 hours,Basic,0
8,62,3,Samsung,$499,6.1 inches,24 hours,Good,1
8,63,1,Google,$599,6.7 inches,12 hours,Good,0
8,63,2,Apple,$499,6.1 inches,18 hours,Basic,0
8,63,3,OnePlus,$299,6.7 inches,24 hours,Good,1
8,64,1,OnePlus,$299,5.5 inches,24 hours,Good,1
8,64,2,OnePlus,$599,5.5 inches,12 hours,Good,0
8,64,3,Samsung,$499,6.1 inches,24 hours,Good,0
9,65,1,Apple,$299,6.7 inches,24 hours,Basic,1
9,65,2,Samsung,$499,6.7 inches,12 hours,Excellent,0
9,65,3,OnePlus,$299,5.5 inches,12 hours,Good,0
9,66,1,Apple,$399,6.1 inches,24 hours,Good,1
9,66,2,Google,$599,6.1 inches,18 hours,Basic,0
9,66,3,OnePlus,$399,6.1 inches,12 hours,Excellent,0
9,67,1,Samsung,$299,6.1 inches,18 hours,Good,0
9,67,2,Google,$299,6.1 inches,24 hours,Good,1
9,67,3,OnePlus,$399,6.1 inches,24 hours,Good,0
9,68,1,Google,$499,6.7 inches,24 hours,Good,1
9,68,2,OnePlus,$499,5.5 inches,24 hours,Basic,0
9,68,3,OnePlus,$399,6.1 inches,12 hours,Good,0
9,69,1,OnePlus,$599,6.1 inches,24 hours,Excellent,0
9,69,2,Samsung,$599,5.5 inches,12 hours,Excellent,0
9,69,3,Google,$299,6.1 inches,12 hours,Excellent,1
9,70,1,OnePlus,$299,6.7 inches,12 hours,Good,0
9,70,2,Samsung,$299,6.1 inches,18 hours,Good,1
9,70,3,OnePlus,$299,6.1 inches,24 hours,Excellent,0
9,71,1,OnePlus,$499,6.7 inches,24 hours,Good,0
9,71,2,Apple,$299,5.5 inches,24 hours,Excellent,1
9,71,3,Google,$399,6.7 inches,12 hours,Good,0
9,72,1,Apple,$299,6.1 inches,12 hours,Excellent,1
9,72,2,Google,$299,5.5 inches,18 hours,Basic,0
9,72,3,Google,$499,6.1 inches,18 hours,Basic,0
10,73,1,Samsung,$599,6.7 inches,24 hours,Basic,1
10,73,2,Samsung,$399,5.5 inches,24 hours,Good,0
10,73,3,Samsung,$599,6.7 inches,12 hours,Basic,0
10,74,1,OnePlus,$499,6.1 inches,18 hours,Excellent,0
10,74,2,Apple,$599,6.1 inches,24 hours,Excellent,0
10,74,3,Samsung,$299,6.1 inches,18 hours,Excellent,1
10,75,1,Google,$599,6.7 inches,18 hours,Good,1
10,75,2,Google,$399,6.1 inches,18 hours,Basic,0
10,75,3,Samsung,$599,6.7 inches,18 hours,Excellent,0
10,76,1,Google,$499,5.5 inches,24 hours,Good,0
10,76,2,Google,$299,6.7 inches,24 hours,Excellent,1
10,76,3,Apple,$599,6.1 inches,12 hours,Excellent,0
10,77,1,Google,$399,6.7 inches,12 hours,Excellent,0
10,77,2,Google,$399,6.7 inches,12 hours,Excellent,1
10,77,3,Apple,$499,6.1 inches,12 hours,Excellent,0
10,78,1,Google,$399,5.5 inches,18 hours,Good,1
10,78,2,OnePlus,$399,5.5 inches,12 hours,Excellent,0
10,78,3,Google,$499,5.5 inches,18 hours,Good,0
10,79,1,Google,$499,5.5 inches,18 hours,Basic,0
10,79,2,Samsung,$399,6.7 inches,24 hours,Excellent,1
10,79,3,OnePlus,$499,5.5 inches,18 hours,Basic,0
10,80,1,Google,$299,6.1 inches,18 hours,Excellent,1
10,80,2,Google,$599,6.7 inches,18 hours,Basic,0
10,80,3,Samsung,$599,5.5 inches,24 hours,Excellent,0
11,81,1,Google,$399,6.7 inches,12 hours,Excellent,0
11,81,2,OnePlus,$499,6.7 inches,18 hours,Basic,0
11,81,3,Samsung,$299,5.5 inches,18 hours,Good,1
11,82,1,Apple,$299,5.5 inches,24 hours,Basic,0
11,82,2,OnePlus,$599,6.1 inches,24 hours,Excellent,1
11,82,3,OnePlus,$399,6.1 inches,24 hours,Basic,0
11,83,1,OnePlus,$599,6.1 inches,12 hours,Excellent,0
11,83,2,Google,$399,6.1 inches,18 hours,Basic,0
11,83,3,Google,$299,6.7 inches,18 hours,Excellent,1
11,84,1,Google,$299,6.1 inches,18 hours,Basic,0
11,84,2,Apple,$599,5.5 inches,24 hours,Basic,0
11,84,3,Apple,$299,6.1 inches,12 hours,Basic,1
11,85,1,Samsung,$299,6.7 inches,12 hours,Excellent,0
11,85,2,Samsung,$399,6.1 inches,12 hours,Excellent,1
11,85,3,Apple,$499,5.5 inches,12 hours,Excellent,0
11,86,1,Google,$399,5.5 inches,24 hours,Basic,0
11,86,2,Samsung,$299,6.1 inches,12 hours,Excellent,1
11,86,3,Google,$299,5.5 inches,18 hours,Basic,0
11,87,1,Samsung,$599,6.7 inches,12 hours,Excellent,0
11,87,2,Apple,$599,6.1 inches,18 hours,Excellent,1
11,87,3,Apple,$599,6.7 inches,12 hours,Excellent,0
11,88,1,Apple,$499,6.1 inches,24 hours,Basic,0
11,88,2,Apple,$599,6.1 inches,18 hours,Excellent,1
11,88,3,Apple,$599,6.7 inches,18 hours,Basic,0
12,89,1,Apple,$499,6.7 inches,12 hours,Basic,0
12,89,2,Samsung,$499,6.7 inches,24 hours,Excellent,1
12,89,3,Google,$599,6.7 inches,24 hours,Good,0
12,90,1,OnePlus,$599,5.5 inches,24 hours,Basic,0
12,90,2,Samsung,$599,6.1 inches,12 hours,Good,0
12,90,3,Google,$599,6.1 inches,18 hours,Excellent,1
12,91,1,Apple,$499,6.1 inches,18 hours,Excellent,1
12,91,2,Google,$499,5.5 inches,24 hours,Good,0
12,91,3,Apple,$299,5.5 inches,12 hours,Good,0
12,92,1,Apple,$499,5.5 inches,24 hours,Basic,0
12,92,2,Google,$299,6.1 inches,18 hours,Excellent,1
12,92,3,OnePlus,$299,6.1 inches,24 hours,Good,0
12,93,1,Google,$299,6.7 inches,24 hours,Basic,1
12,93,2,Samsung,$599,5.5 inches,12 hours,Good,0
12,93,3,Google,$299,6.1 inches,24 hours,Basic,0
12,94,1,OnePlus,$299,6.7 inches,24 hours,Excellent,1
12,94,2,Google,$299,5.5 inches,18 hours,Excellent,0
12,94,3,Google,$499,6.1 inches,12 hours,Basic,0
12,95,1,Samsung,$599,5.5 inches,12 hours,Excellent,0
12,95,2,Apple,$299,6.7 inches,24 hours,Basic,1
12,95,3,OnePlus,$599,6.1 inches,18 hours,Basic,0
12,96,1,Google,$499,6.7 inches,18 hours,Excellent,1
12,96,2,Apple,$299,5.5 inches,12 hours,Excellent,0
12,96,3,Apple,$299,6.1 inches,18 hours,Excellent,0
13,97,1,OnePlus,$599,6.7 inches,18 hours,Good,0
13,97,2,Google,$399,6.7 inches,12 hours,Good,0
13,97,3,OnePlus,$299,6.1 inches,24 hours,Excellent,1
13,98,1,OnePlus,$499,5.5 inches,12 hours,Good,0
13,98,2,Apple,$299,5.5 inches,18 hours,Basic,0
13,98,3,Samsung,$499,6.1 inches,18 hours,Basic,1
13,99,1,Apple,$599,6.7 inches,18 hours,Basic,1
13,99,2,Samsung,$599,6.7 inches,24 hours,Basic,0
13,99,3,Google,$299,6.1 inches,24 hours,Basic,0
13,100,1,OnePlus,$299,6.1 inches,12 hours,Good,0
13,100,2,OnePlus,$599,6.7 inches,24 hours,Good,0
13,100,3,Google,$299,6.1 inches,12 hours,Good,1
13,101,1,Samsung,$599,6.7 inches,18 hours,Basic,1
13,101,2,OnePlus,$299,5.5 inches,18 hours,Excellent,0
13,101,3,OnePlus,$299,6.1 inches,18 hours,Excellent,0
13,102,1,Google,$399,6.1 inches,12 hours,Basic,0
13,102,2,Apple,$399,6.1 inches,18 hours,Excellent,1
13,102,3,Samsung,$399,5.5 inches,12 hours,Good,0
13,103,1,Samsung,$399,6.7 inches,12 hours,Excellent,0
13,103,2,Apple,$399,6.7 inches,18 hours,Good,1
13,103,3,OnePlus,$499,6.7 inches,18 hours,Basic,0
13,104,1,OnePlus,$299,6.1 inches,18 hours,Excellent,0
13,104,2,Google,$499,6.7 inches,12 hours,Good,0
13,104,3,Apple,$499,6.1 inches,18 hours,Basic,1
14,105,1,Apple,$499,6.1 inches,12 hours,Excellent,1
14,105,2,Apple,$599,6.1 inches,24 hours,Excellent,0
14,105,3,Apple,$599,6.7 inches,24 hours,Basic,0
14,106,1,Google,$599,6.7 inches,12 hours,Basic,0
14,106,2,OnePlus,$299,6.1 inches,24 hours,Basic,0
14,106,3,Samsung,$299,5.5 inches,24 hours,Good,1
14,107,1,OnePlus,$399,6.1 inches,18 hours,Good,1
14,107,2,OnePlus,$599,6.1 inches,24 hours,Excellent,0
14,107,3,Apple,$499,5.5 inches,18 hours,Basic,0
14,108,1,OnePlus,$499,6.1 inches,24 hours,Excellent,0
14,108,2,Samsung,$499,5.5 inches,24 hours,Excellent,0
14,108,3,Samsung,$499,6.1 inches,24 hours,Excellent,1
14,109,1,OnePlus,$399,6.7 inches,24 hours,Basic,0
14,109,2,Google,$599,6.7 inches,18 hours,Basic,0
14,109,3,Apple,$599,6.7 inches,18 hours,Basic,1
14,110,1,Google,$499,5.5 inches,12 hours,Good,0
14,110,2,OnePlus,$399,5.5 inches,12 hours,Basic,0
14,110,3,Apple,$499,5.5 inches,24 hours,Excellent,1
14,111,1,Apple,$499,6.7 inches,12 hours,Excellent,0
14,111,2,OnePlus,$399,5.5 inches,12 hours,Excellent,0
14,111,3,Samsung,$599,5.5 inches,18 hours,Good,1
14,112,1,Samsung,$599,6.7 inches,18 hours,Excellent,0
14,112,2,OnePlus,$399,6.7 inches,12 hours,Good,0
14,112,3,OnePlus,$399,6.1 inches,24 hours,Excellent,1
15,113,1,OnePlus,$599,6.1 inches,18 hours,Excellent,0
15,113,2,OnePlus,$399,5.5 inches,24 hours,Basic,0
15,113,3,Google,$299,6.7 inches,18 hours,Good,1
15,114,1,Apple,$299,6.1 inches,12 hours,Basic,1
15,114,2,Google,$599,6.7 inches,12 hours,Good,0
15,114,3,Apple,$399,6.1 inches,18 hours,Basic,0
15,115,1,OnePlus,$299,6.1 inches,24 hours,Good,1
15,115,2,Samsung,$599,5.5 inches,18 hours,Basic,0
15,115,3,Apple,$499,5.5 inches,24 hours,Excellent,0
15,116,1,Google,$399,5.5 inches,12 hours,Good,0
15,116,2,OnePlus,$399,6.7 inches,18 hours,Good,0
15,116,3,Apple,$299,5.5 inches,18 hours,Basic,1
15,117,1,Samsung,$599,5.5 inches,18 hours,Basic,0
15,117,2,Google,$299,5.5 inches,12 hours,Good,0
15,117,3,OnePlus,$299,5.5 inches,18 hours,Excellent,1
15,118,1,Apple,$399,6.7 inches,12 hours,Good,0
15,118,2,OnePlus,$299,6.7 inches,18 hours,Basic,0
15,118,3,OnePlus,$399,6.7 inches,24 hours,Basic,1
15,119,1,Google,$299,6.7 inches,24 hours,Excellent,1
15,119,2,Apple,$599,6.1 inches,12 hours,Excellent,0
15,119,3,OnePlus,$499,6.1 inches,24 hours,Basic,0
15,120,1,Google,$299,6.1 inches,12 hours,Excellent,0
15,120,2,Apple,$499,5.5 inches,12 hours,Good,0
15,120,3,Google,$399,6.7 inches,18 hours,Excellent,1
16,121,1,OnePlus,$399,5.5 inches,12 hours,Excellent,0
16,121,2,OnePlus,$299,6.1 inches,12 hours,Basic,0
16,121,3,Samsung,$299,6.1 inches,18 hours,Excellent,1
16,122,1,OnePlus,$599,6.1 inches,12 hours,Excellent,0
16,122,2,Samsung,$499,6.1 inches,12 hours,Excellent,0
16,122,3,Google,$499,5.5 inches,18 hours,Good,1
16,123,1,OnePlus,$599,6.1 inches,18 hours,Basic,0
16,123,2,OnePlus,$599,6.1 inches,24 hours,Good,0
16,123,3,Apple,$599,5.5 inches,18 hours,Excellent,1
16,124,1,Samsung,$499,6.1 inches,12 hours,Basic,0
16,124,2,Google,$499,6.1 inches,18 hours,Excellent,0
16,124,3,OnePlus,$399,6.7 inches,18 hours,Good,1
16,125,1,OnePlus,$299,6.7 inches,18 hours,Excellent,1
16,125,2,OnePlus,$499,6.7 inches,12 hours,Basic,0
16,125,3,OnePlus,$499,6.7 inches,24 hours,Excellent,0
16,126,1,Samsung,$299,5.5 inches,24 hours,Excellent,0
16,126,2,OnePlus,$299,5.5 inches,12 hours,Basic,0
16,126,3,Google,$499,6.1 inches,24 hours,Basic,1
16,127,1,Samsung,$599,6.1 inches,18 hours,Good,0
16,127,2,Apple,$399,6.7 inches,18 hours,Good,1
16,127,3,Google,$499,5.5 inches,12 hours,Basic,0
16,128,1,Samsung,$599,6.7 inches,18 hours,Excellent,0
16,128,2,Apple,$499,6.1 inches,24 hours,Good,1
16,128,3,Samsung,$499,6.7 inches,18 hours,Basic,0
17,129,1,Apple,$399,5.5 inches,18 hours,Basic,0
17,129,2,OnePlus,$299,6.7 inches,18 hours,Excellent,0
17,129,3,Google,$299,6.7 inches,24 hours,Good,1
17,130,1,Google,$399,6.7 inches,24 hours,Excellent,1
17,130,2,Samsung,$499,6.7 inches,12 hours,Basic,0
17,130,3,Samsung,$399,5.5 inches,18 hours,Basic,0
17,131,1,Google,$499,6.1 inches,24 hours,Basic,0
17,131,2,Apple,$299,6.1 inches,18 hours,Excellent,1
17,131,3,OnePlus,$599,6.1 inches,24 hours,Basic,0
17,132,1,Samsung,$499,6.7 inches,12 hours,Good,0
17,132,2,OnePlus,$499,5.5 inches,24 hours,Excellent,1
17,132,3,Samsung,$399,6.1 inches,24 hours,Basic,0
17,133,1,Apple,$399,6.1 inches,12 hours,Basic,0
17,133,2,Google,$399,6.1 inches,24 hours,Good,1
17,133,3,Apple,$499,5.5 inches,24 hours,Excellent,0
17,134,1,Google,$399,6.7 inches,18 hours,Excellent,0
17,134,2,Apple,$399,6.7 inches,24 hours,Basic,1
17,134,3,Samsung,$499,6.7 inches,12 hours,Basic,0
17,135,1,Apple,$299,6.7 inches,24 hours,Good,1
17,135,2,Samsung,$599,6.7 inches,24 hours,Basic,0
17,135,3,OnePlus,$499,6.7 inches,18 hours,Good,0
17,136,1,Samsung,$599,6.1 inches,18 hours,Basic,0
17,136,2,Apple,$399,6.1 inches,18 hours,Good,0
17,136,3,OnePlus,$399,6.1 inches,24 hours,Basic,1
18,137,1,Google,$499,6.7 inches,18 hours,Good,0
18,137,2,Samsung,$499,6.7 inches,24 hours,Basic,1
18,137,3,Google,$399,6.1 inches,12 hours,Good,0
18,138,1,OnePlus,$399,5.5 inches,12 hours,Basic,0
18,138,2,Google,$599,6.7 inches,18 hours,Basic,0
18,138,3,Samsung,$499,6.7 inches,24 hours,Good,1
18,139,1,Samsung,$399,6.1 inches,24 hours,Good,1
18,139,2,OnePlus,$499,6.1 inches,12 hours,Basic,0
18,139,3,OnePlus,$599,5.5 inches,12 hours,Excellent,0
18,140,1,Google,$299,5.5 inches,18 hours,Good,1
18,140,2,OnePlus,$499,6.7 inches,12 hours,Basic,0
18,140,3,OnePlus,$399,6.1 inches,24 hours,Good,0
18,141,1,OnePlus,$499,5.5 inches,18 hours,Basic,0
18,141,2,Samsung,$499,6.7 inches,18 hours,Basic,0
18,141,3,OnePlus,$599,6.7 inches,18 hours,Excellent,1
18,142,1,Apple,$399,5.5 inches,18 hours,Good,0
18,142,2,Google,$499,5.5 inches,12 hours,Excellent,1
18,142,3,OnePlus,$299,5.5 inches,12 hours,Basic,0
18,143,1,Google,$599,6.7 inches,18 hours,Basic,0
18,143,2,Samsung,$499,6.7 inches,18 hours,Basic,0
18,143,3,OnePlus,$499,6.7 inches,18 hours,Excellent,1
18,144,1,OnePlus,$499,6.1 inches,12 hours,Good,0
18,144,2,Google,$299,6.1 inches,24 hours,Good,1
18,144,3,Apple,$599,6.1 inches,24 hours,Excellent,0
19,145,1,Samsung,$299,6.7 inches,18 hours,Basic,0
19,145,2,OnePlus,$399,6.7 inches,12 hours,Basic,0
19,145,3,Apple,$399,5.5 inches,18 hours,Good,1
19,146,1,OnePlus,$399,6.1 inches,24 hours,Basic,0
19,146,2,OnePlus,$599,6.7 inches,24 hours,Basic,0
19,146,3,Samsung,$399,6.7 inches,18 hours,Excellent,1
19,147,1,OnePlus,$599,6.1 inches,12 hours,Good,0
19,147,2,Google,$499,6.7 inches,24 hours,Excellent,1
19,147,3,Google,$599,5.5 inches,12 hours,Good,0
19,148,1,Google,$399,6.1 inches,18 hours,Excellent,0
19,148,2,Samsung,$599,6.1 inches,18 hours,Good,0
19,148,3,Google,$499,5.5 inches,24 hours,Excellent,1
19,149,1,OnePlus,$599,6.1 inches,12 hours,Good,0
19,149,2,Apple,$499,6.7 inches,12 hours,Good,1
19,149,3,OnePlus,$499,6.7 inches,18 hours,Basic,0
19,150,1,Samsung,$499,6.7 inches,24 hours,Good,0
19,150,2,Samsung,$299,6.7 inches,24 hours,Excellent,1
19,150,3,Samsung,$399,5.5 inches,24 hours,Excellent,0
19,151,1,Samsung,$399,5.5 inches,12 hours,Good,0
19,151,2,Google,$599,5.5 inches,24 hours,Basic,0
19,151,3,Apple,$399,6.1 inches,24 hours,Good,1
19,152,1,OnePlus,$399,6.1 inches,18 hours,Good,0
19,152,2,Apple,$299,6.7 inches,24 hours,Basic,1
19,152,3,Apple,$399,6.1 inches,12 hours,Basic,0
20,153,1,OnePlus,$599,5.5 inches,24 hours,Good,0
20,153,2,Apple,$299,6.1 inches,24 hours,Excellent,0
20,153,3,Apple,$499,6.1 inches,18 hours,Excellent,1
20,154,1,OnePlus,$399,6.7 inches,18 hours,Good,0
20,154,2,Samsung,$299,6.1 inches,12 hours,Excellent,1
20,154,3,OnePlus,$499,6.7 inches,12 hours,Basic,0
20,155,1,Google,$499,6.7 inches,24 hours,Basic,1
20,155,2,Samsung,$599,6.1 inches,24 hours,Good,0
20,155,3,Apple,$599,6.7 inches,12 hours,Basic,0
20,156,1,Samsung,$599,6.1 inches,12 hours,Basic,0
20,156,2,Google,$599,5.5 inches,18 hours,Good,0
20,156,3,Google,$499,6.7 inches,24 hours,Excellent,1
20,157,1,Apple,$499,6.7 inches,18 hours,Excellent,0
20,157,2,Samsung,$299,6.7 inches,12 hours,Good,0
20,157,3,Google,$399,6.1 inches,24 hours,Excellent,1
20,158,1,Google,$299,6.7 inches,18 hours,Good,0
20,158,2,Samsung,$399,5.5 inches,18 hours,Basic,1
20,158,3,OnePlus,$499,6.1 inches,24 hours,Excellent,0
20,159,1,OnePlus,$399,5.5 inches,24 hours,Excellent,0
20,159,2,Apple,$599,6.7 inches,24 hours,Good,0
20,159,3,Apple,$299,5.5 inches,24 hours,Excellent,1
20,160,1,Samsung,$399,5.5 inches,18 hours,Excellent,1
20,160,2,OnePlus,$299,6.7 inches,12 hours,Excellent,0
20,160,3,OnePlus,$299,6.7 inches,18 hours,Basic,0
21,161,1,OnePlus,$399,6.7 inches,18 hours,Good,0
21,161,2,Apple,$599,6.7 inches,18 hours,Excellent,1
21,161,3,Apple,$599,6.1 inches,12 hours,Excellent,0
21,162,1,Samsung,$299,5.5 inches,18 hours,Good,1
21,162,2,Apple,$299,5.5 inches,18 hours,Basic,0
21,162,3,Google,$599,5.5 inches,12 hours,Excellent,0
21,163,1,OnePlus,$499,6.1 inches,18 hours,Good,0
21,163,2,OnePlus,$299,6.7 inches,24 hours,Excellent,1
21,163,3,Samsung,$499,5.5 inches,12 hours,Excellent,0
21,164,1,OnePlus,$399,6.7 inches,12 hours,Basic,0
21,164,2,Apple,$499,6.1 inches,24 hours,Excellent,1
21,164,3,OnePlus,$599,5.5 inches,12 hours,Good,0
21,165,1,Google,$399,6.1 inches,12 hours,Excellent,0
21,165,2,Apple,$299,6.7 inches,18 hours,Excellent,1
21,165,3,Apple,$399,5.5 inches,12 hours,Basic,0
21,166,1,Apple,$599,6.7 inches,24 hours,Excellent,1
21,166,2,Apple,$399,6.7 inches,12 hours,Good,0
21,166,3,OnePlus,$399,6.7 inches,12 hours,Basic,0
21,167,1,Samsung,$499,5.5 inches,24 hours,Excellent,1
21,167,2,Google,$499,5.5 inches,18 hours,Basic,0
21,167,3,Samsung,$599,6.1 inches,18 hours,Basic,0
21,168,1,Samsung,$599,6.7 inches,18 hours,Basic,0
21,168,2,Google,$599,6.7 inches,18 hours,Excellent,1
21,168,3,OnePlus,$599,5.5 inches,18 hours,Good,0
22,169,1,Samsung,$599,5.5 inches,12 hours,Good,0
22,169,2,Samsung,$599,5.5 inches,24 hours,Good,1
22,169,3,OnePlus,$399,6.1 inches,12 hours,Good,0
22,170,1,Samsung,$499,6.7 inches,12 hours,Good,0
22,170,2,Google,$299,6.7 inches,24 hours,Basic,0
22,170,3,Apple,$499,6.1 inches,24 hours,Excellent,1
22,171,1,Apple,$299,5.5 inches,24 hours,Excellent,1
22,171,2,Samsung,$599,5.5 inches,18 hours,Good,0
22,171,3,Apple,$399,5.5 inches,24 hours,Basic,0
22,172,1,OnePlus,$399,6.7 inches,24 hours,Excellent,0
22,172,2,Samsung,$599,5.5 inches,24 hours,Good,0
22,172,3,Google,$599,6.1 inches,24 hours,Excellent,1
22,173,1,Google,$499,6.1 inches,18 hours,Excellent,1
22,173,2,OnePlus,$599,5.5 inches,24 hours,Good,0
22,173,3,Google,$399,6.1 inches,18 hours,Good,0
22,174,1,Apple,$399,6.7 inches,12 hours,Basic,1
22,174,2,Google,$599,6.1 inches,12 hours,Basic,0
22,174,3,Google,$399,6.1 inches,24 hours,Basic,0
22,175,1,OnePlus,$499,6.1 inches,18 hours,Excellent,0
22,175,2,OnePlus,$599,5.5 inches,24 hours,Good,0
22,175,3,Samsung,$399,6.7 inches,24 hours,Good,1
22,176,1,Samsung,$299,6.7 inches,12 hours,Basic,0
22,176,2,Apple,$299,6.1 inches,12 hours,Excellent,1
22,176,3,Samsung,$299,6.7 inches,12 hours,Basic,0
23,177,1,Samsung,$599,6.1 inches,12 hours,Excellent,1
23,177,2,OnePlus,$599,5.5 inches,12 hours,Excellent,0
23,177,3,OnePlus,$299,5.5 inches,24 hours,Excellent,0
23,178,1,Google,$499,5.5 inches,24 hours,Excellent,0
23,178,2,OnePlus,$399,5.5 inches,12 hours,Excellent,0
23,178,3,Samsung,$399,5.5 inches,24 hours,Excellent,1
23,179,1,Google,$499,6.1 inches,18 hours,Basic,0
23,179,2,Google,$599,6.1 inches,24 hours,Basic,0
23,179,3,Samsung,$499,6.7 inches,12 hours,Excellent,1
23,180,1,Apple,$299,6.1 inches,18 hours,Good,0
23,180,2,OnePlus,$299,6.7 inches,12 hours,Excellent,0
23,180,3,Samsung,$299,6.1 inches,18 hours,Excellent,1
23,181,1,Google,$299,6.7 inches,12 hours,Basic,0
23,181,2,Samsung,$599,6.1 inches,12 hours,Basic,0
23,181,3,Google,$299,5.5 inches,18 hours,Basic,1
23,182,1,Samsung,$399,6.7 inches,18 hours,Basic,0
23,182,2,Google,$399,6.7 inches,12 hours,Excellent,1
23,182,3,OnePlus,$499,6.1 inches,24 hours,Basic,0
23,183,1,Apple,$499,5.5 inches,12 hours,Good,0
23,183,2,Samsung,$299,6.1 inches,24 hours,Excellent,1
23,183,3,OnePlus,$499,5.5 inches,24 hours,Good,0
23,184,1,OnePlus,$599,5.5 inches,18 hours,Excellent,0
23,184,2,OnePlus,$599,5.5 inches,24 hours,Excellent,0
23,184,3,OnePlus,$299,6.7 inches,18 hours,Basic,1
24,185,1,Apple,$299,6.1 inches,12 hours,Good,1
24,185,2,Samsung,$599,6.1 inches,18 hours,Basic,0
24,185,3,Apple,$299,6.1 inches,18 hours,Good,0
24,186,1,Google,$299,5.5 inches,12 hours,Basic,0
24,186,2,OnePlus,$599,6.7 inches,24 hours,Excellent,0
24,186,3,OnePlus,$299,5.5 inches,12 hours,Good,1
24,187,1,Apple,$499,6.1 inches,12 hours,Good,0
24,187,2,OnePlus,$599,5.5 inches,24 hours,Excellent,0
24,187,3,Samsung,$399,6.7 inches,18 hours,Basic,1
24,188,1,Samsung,$499,6.1 inches,18 hours,Good,0
24,188,2,Samsung,$299,5.5 inches,18 hours,Good,1
24,188,3,OnePlus,$499,6.1 inches,12 hours,Good,0
24,189,1,Google,$399,6.7 inches,24 hours,Good,1
24,189,2,Samsung,$599,5.5 inches,12 hours,Good,0
24,189,3,Apple,$599,6.1 inches,24 hours,Good,0
24,190,1,Google,$599,6.1 inches,18 hours,Excellent,0
24,190,2,Samsung,$499,6.1 inches,24 hours,Excellent,1
24,190,3,Samsung,$599,6.1 inches,12 hours,Good,0
24,191,1,Google,$499,6.7 inches,24 hours,Excellent,1
24,191,2,OnePlus,$399,6.1 inches,18 hours,Good,0
24,191,3,OnePlus,$499,5.5 inches,24 hours,Basic,0
24,192,1,Samsung,$299,6.7 inches,18 hours,Excellent,1
24,192,2,Samsung,$599,6.1 inches,24 hours,Basic,0
24,192,3,OnePlus,$599,5.5 inches,24 hours,Good,0
25,193,1,Samsung,$499,6.7 inches,12 hours,Excellent,1
25,193,2,OnePlus,$599,5.5 inches,18 hours,Excellent,0
25,193,3,OnePlus,$599,6.7 inches,24 hours,Excellent,0
25,194,1,OnePlus,$299,6.1 inches,24 hours,Excellent,0
25,194,2,Apple,$299,5.5 inches,24 hours,Excellent,1
25,194,3,Google,$399,6.7 inches,24 hours,Basic,0
25,195,1,OnePlus,$499,6.1 inches,12 hours,Basic,0
25,195,2,Apple,$499,5.5 inches,24 hours,Excellent,1
25,195,3,Samsung,$599,6.1 inches,18 hours,Good,0
25,196,1,Samsung,$499,5.5 inches,18 hours,Basic,0
25,196,2,Google,$599,5.5 inches,12 hours,Excellent,0
25,196,3,Samsung,$499,6.1 inches,18 hours,Good,1
25,197,1,Samsung,$599,6.1 inches,18 hours,Basic,0
25,197,2,OnePlus,$599,6.1 inches,12 hours,Good,0
25,197,3,Apple,$299,5.5 inches,18 hours,Excellent,1
25,198,1,Apple,$399,6.7 inches,12 hours,Excellent,0
25,198,2,Samsung,$399,6.1 inches,24 hours,Good,1
25,198,3,OnePlus,$399,6.1 inches,24 hours,Basic,0
25,199,1,Samsung,$599,6.1 inches,12 hours,Excellent,0
25,199,2,Samsung,$599,6.7 inches,18 hours,Good,0
25,199,3,Apple,$399,5.5 inches,18 hours,Excellent,1
25,200,1,Apple,$299,6.7 inches,12 hours,Good,1
25,200,2,Google,$399,6.1 inches,12 hours,Good,0
25,200,3,OnePlus,$499,6.7 inches,18 hours,Excellent,0
26,201,1,OnePlus,$299,6.1 inches,18 hours,Good,0
26,201,2,Samsung,$499,6.7 inches,24 hours,Basic,1
26,201,3,Samsung,$499,5.5 inches,12 hours,Good,0
26,202,1,Apple,$399,6.1 inches,24 hours,Basic,1
26,202,2,OnePlus,$599,6.7 inches,12 hours,Excellent,0
26,202,3,OnePlus,$599,5.5 inches,18 hours,Excellent,0
26,203,1,Samsung,$399,6.1 inches,18 hours,Basic,1
26,203,2,Samsung,$499,6.1 inches,24 hours,Basic,0
26,203,3,Google,$299,6.1 inches,12 hours,Basic,0
26,204,1,OnePlus,$599,6.1 inches,24 hours,Good,0
26,204,2,OnePlus,$599,6.1 inches,12 hours,Basic,0
26,204,3,Apple,$399,6.1 inches,12 hours,Good,1
26,205,1,Samsung,$499,5.5 inches,18 hours,Excellent,0
26,205,2,OnePlus,$299,6.7 inches,12 hours,Good,1
26,205,3,Google,$299,6.7 inches,18 hours,Excellent,0
26,206,1,Samsung,$599,5.5 inches,24 hours,Excellent,0
26,206,2,Samsung,$499,5.5 inches,18 hours,Good,1
26,206,3,Google,$299,6.1 inches,12 hours,Basic,0
26,207,1,Samsung,$499,6.7 inches,24 hours,Excellent,0
26,207,2,OnePlus,$399,6.7 inches,12 hours,Basic,0
26,207,3,Samsung,$299,6.7 inches,18 hours,Excellent,1
26,208,1,Google,$399,6.1 inches,24 hours,Good,1
26,208,2,Google,$499,6.7 inches,24 hours,Basic,0
26,208,3,Samsung,$599,5.5 inches,18 hours,Excellent,0
27,209,1,Samsung,$399,5.5 inches,12 hours,Excellent,0
27,209,2,Google,$399,6.7 inches,18 hours,Good,1
27,209,3,Samsung,$499,6.7 inches,18 hours,Good,0
27,210,1,OnePlus,$299,6.7 inches,12 hours,Good,0
27,210,2,Google,$499,6.1 inches,18 hours,Good,0
27,210,3,Apple,$299,6.7 inches,18 hours,Excellent,1
27,211,1,Google,$299,6.7 inches,18 hours,Basic,1
27,211,2,OnePlus,$399,6.1 inches,18 hours,Good,0
27,211,3,Google,$499,6.7 inches,24 hours,Basic,0
27,212,1,OnePlus,$499,6.7 inches,12 hours,Basic,0
27,212,2,Apple,$599,5.5 inches,12 hours,Basic,1
27,212,3,OnePlus,$599,5.5 inches,18 hours,Basic,0
27,213,1,Samsung,$499,5.5 inches,18 hours,Basic,0
27,213,2,Google,$499,5.5 inches,18 hours,Excellent,0
27,213,3,Samsung,$299,6.1 inches,24 hours,Good,1
27,214,1,Samsung,$599,6.7 inches,12 hours,Excellent,0
27,214,2,Apple,$299,5.5 inches,18 hours,Basic,1
27,214,3,Samsung,$399,6.7 inches,24 hours,Good,0
27,215,1,Apple,$299,6.7 inches,18 hours,Basic,1
27,215,2,OnePlus,$399,6.1 inches,12 hours,Basic,0
27,215,3,OnePlus,$299,6.7 inches,12 hours,Basic,0
27,216,1,Google,$499,6.1 inches,12 hours,Good,0
27,216,2,Samsung,$399,5.5 inches,24 hours,Excellent,1
27,216,3,Apple,$399,6.1 inches,18 hours,Excellent,0
28,217,1,Samsung,$399,6.1 inches,24 hours,Excellent,0
28,217,2,OnePlus,$399,5.5 inches,12 hours,Basic,0
28,217,3,Apple,$599,6.1 inches,18 hours,Good,1
28,218,1,Samsung,$399,6.1 inches,24 hours,Basic,0
28,218,2,Samsung,$499,6.7 inches,12 hours,Excellent,0
28,218,3,Google,$399,6.7 inches,24 hours,Excellent,1
28,219,1,Samsung,$599,6.1 inches,24 hours,Basic,0
28,219,2,Samsung,$599,6.1 inches,12 hours,Basic,0
28,219,3,OnePlus,$299,6.7 inches,12 hours,Good,1
28,220,1,Google,$399,6.1 inches,24 hours,Good,1
28,220,2,Google,$399,6.1 inches,12 hours,Basic,0
28,220,3,Apple,$299,6.1 inches,12 hours,Basic,0
28,221,1,Apple,$599,6.7 inches,18 hours,Excellent,1
28,221,2,OnePlus,$599,6.7 inches,18 hours,Basic,0
28,221,3,Samsung,$499,5.5 inches,18 hours,Basic,0
28,222,1,Samsung,$399,6.7 inches,18 hours,Good,0
28,222,2,Apple,$499,6.7 inches,18 hours,Excellent,1
28,222,3,Samsung,$299,5.5 inches,12 hours,Good,0
28,223,1,Apple,$599,6.7 inches,24 hours,Basic,0
28,223,2,Google,$399,5.5 inches,12 hours,Excellent,0
28,223,3,Samsung,$299,5.5 inches,18 hours,Good,1
28,224,1,Google,$399,6.1 inches,12 hours,Excellent,0
28,224,2,Google,$299,5.5 inches,18 hours,Good,1
28,224,3,Google,$299,6.1 inches,24 hours,Excellent,0
29,225,1,Apple,$599,6.1 inches,24 hours,Good,1
29,225,2,Apple,$599,6.7 inches,12 hours,Good,0
29,225,3,Samsung,$499,5.5 inches,24 hours,Excellent,0
29,226,1,Apple,$399,6.7 inches,24 hours,Basic,0
29,226,2,Apple,$299,5.5 inches,12 hours,Good,1
29,226,3,Google,$599,5.5 inches,12 hours,Basic,0
29,227,1,OnePlus,$399,6.1 inches,12 hours,Good,0
29,227,2,Google,$499,5.5 inches,24 hours,Good,0
29,227,3,Apple,$299,5.5 inches,12 hours,Excellent,1
29,228,1,Apple,$599,5.5 inches,18 hours,Good,0
29,228,2,Google,$499,5.5 inches,24 hours,Good,1
29,228,3,Apple,$499,5.5 inches,18 hours,Excellent,0
29,229,1,Google,$399,6.1 inches,18 hours,Excellent,1
29,229,2,OnePlus,$399,6.7 inches,24 hours,Basic,0
29,229,3,Samsung,$299,6.1 inches,12 hours,Basic,0
29,230,1,Google,$299,6.1 inches,12 hours,Excellent,1
29,230,2,OnePlus,$499,5.5 inches,12 hours,Excellent,0
29,230,3,Samsung,$599,6.1 inches,12 hours,Basic,0
29,231,1,Google,$299,5.5 inches,12 hours,Excellent,1
29,231,2,OnePlus,$499,6.1 inches,24 hours,Basic,0
29,231,3,Apple,$399,6.7 inches,18 hours,Basic,0
29,232,1,Apple,$599,6.7 inches,12 hours,Basic,0
29,232,2,Google,$499,6.1 inches,18 hours,Excellent,1
29,232,3,Google,$499,6.1 inches,18 hours,Basic,0
30,233,1,Apple,$399,5.5 inches,24 hours,Basic,1
30,233,2,Samsung,$299,5.5 inches,18 hours,Good,0
30,233,3,Google,$599,5.5 inches,24 hours,Good,0
30,234,1,Samsung,$599,6.1 inches,18 hours,Good,0
30,234,2,Apple,$299,5.5 inches,24 hours,Good,0
30,234,3,Apple,$399,6.1 inches,12 hours,Basic,1
30,235,1,Samsung,$499,6.1 inches,24 hours,Basic,1
30,235,2,Google,$499,5.5 inches,12 hours,Good,0
30,235,3,OnePlus,$399,5.5 inches,18 hours,Basic,0
30,236,1,Samsung,$299,5.5 inches,12 hours,Basic,0
30,236,2,Samsung,$399,6.1 inches,18 hours,Excellent,1
30,236,3,Apple,$499,5.5 inches,12 hours,Basic,0
30,237,1,Samsung,$599,5.5 inches,12 hours,Good,0
30,237,2,Apple,$299,6.1 inches,12 hours,Basic,1
30,237,3,OnePlus,$599,6.1 inches,12 hours,Good,0
30,238,1,OnePlus,$399,6.1 inches,12 hours,Basic,0
30,238,2,Google,$499,6.1 inches,12 hours,Basic,0
30,238,3,Samsung,$499,6.1 inches,18 hours,Excellent,1
30,239,1,OnePlus,$299,5.5 inches,18 hours,Good,0
30,239,2,Samsung,$599,5.5 inches,24 hours,Excellent,0
30,239,3,Samsung,$299,6.1 inches,24 hours,Good,1
30,240,1,OnePlus,$599,6.1 inches,24 hours,Excellent,0
30,240,2,Google,$599,6.1 inches,12 hours,Basic,1
30,240,3,Google,$399,5.5 inches,18 hours,Basic,0
31,241,1,OnePlus,$499,6.7 inches,12 hours,Basic,0
31,241,2,Apple,$399,6.7 inches,12 hours,Good,0
31,241,3,Apple,$399,6.7 inches,18 hours,Good,1
31,242,1,Samsung,$399,5.5 inches,24 hours,Good,0
31,242,2,Google,$299,6.7 inches,24 hours,Good,1
31,242,3,Samsung,$399,6.1 inches,24 hours,Good,0
31,243,1,Samsung,$599,5.5 inches,12 hours,Basic,0
31,243,2,Samsung,$399,5.5 inches,24 hours,Good,0
31,243,3,Apple,$499,6.7 inches,12 hours,Basic,1
31,244,1,Google,$399,6.1 inches,12 hours,Basic,0
31,244,2,Samsung,$399,5.5 inches,24 hours,Good,1
31,244,3,Apple,$499,6.7 inches,24 hours,Good,0
31,245,1,Apple,$499,6.1 inches,18 hours,Basic,0
31,245,2,Samsung,$599,6.7 inches,18 hours,Excellent,0
31,245,3,Google,$399,6.7 inches,24 hours,Excellent,1
31,246,1,Google,$399,6.7 inches,24 hours,Basic,0
31,246,2,OnePlus,$499,6.7 inches,24 hours,Good,0
31,246,3,Samsung,$399,6.7 inches,12 hours,Excellent,1
31,247,1,OnePlus,$299,5.5 inches,24 hours,Good,0
31,247,2,Samsung,$299,6.1 inches,12 hours,Good,1
31,247,3,Apple,$399,6.1 inches,18 hours,Basic,0
31,248,1,Apple,$499,6.1 inches,12 hours,Good,0
31,248,2,Samsung,$399,6.7 inches,12 hours,Good,0
31,248,3,Google,$299,6.7 inches,12 hours,Basic,1
32,249,1,OnePlus,$599,6.7 inches,18 hours,Basic,0
32,249,2,OnePlus,$599,6.1 inches,18 hours,Excellent,0
32,249,3,OnePlus,$299,6.1 inches,24 hours,Excellent,1
32,250,1,Samsung,$399,6.1 inches,12 hours,Basic,0
32,250,2,Google,$299,6.1 inches,18 hours,Basic,1
32,250,3,Apple,$499,5.5 inches,18 hours,Basic,0
32,251,1,Apple,$299,6.1 inches,24 hours,Excellent,1
32,251,2,OnePlus,$299,6.1 inches,24 hours,Basic,0
32,251,3,OnePlus,$399,5.5 inches,12 hours,Good,0
32,252,1,Samsung,$399,6.1 inches,24 hours,Excellent,1
32,252,2,Google,$499,6.1 inches,12 hours,Basic,0
32,252,3,Apple,$599,6.7 inches,24 hours,Good,0
32,253,1,Samsung,$299,6.1 inches,12 hours,Good,0
32,253,2,Apple,$499,6.7 inches,24 hours,Excellent,1
32,253,3,OnePlus,$399,5.5 inches,12 hours,Basic,0
32,254,1,Samsung,$499,5.5 inches,18 hours,Basic,0
32,254,2,Google,$599,6.1 inches,18 hours,Excellent,0
32,254,3,Google,$299,6.7 inches,24 hours,Good,1
32,255,1,Samsung,$499,6.1 inches,18 hours,Basic,0
32,255,2,OnePlus,$299,6.1 inches,18 hours,Good,0
32,255,3,Google,$399,6.1 inches,24 hours,Basic,1
32,256,1,Samsung,$299,5.5 inches,24 hours,Good,1
32,256,2,OnePlus,$399,6.7 inches,12 hours,Good,0
32,256,3,OnePlus,$599,6.7 inches,12 hours,Good,0
33,257,1,Google,$299,6.1 inches,24 hours,Basic,1
33,257,2,Samsung,$299,6.1 inches,12 hours,Basic,0
33,257,3,Samsung,$399,5.5 inches,12 hours,Good,0
33,258,1,Apple,$599,5.5 inches,24 hours,Basic,0
33,258,2,Google,$499,6.7 inches,12 hours,Basic,1
33,258,3,OnePlus,$599,6.7 inches,18 hours,Good,0
33,259,1,OnePlus,$299,6.7 inches,24 hours,Excellent,0
33,259,2,OnePlus,$299,6.1 inches,12 hours,Basic,0
33,259,3,Apple,$299,6.7 inches,12 hours,Good,1
33,260,1,Google,$599,6.1 inches,18 hours,Excellent,0
33,260,2,OnePlus,$599,5.5 inches,12 hours,Good,0
33,260,3,OnePlus,$399,6.7 inches,24 hours,Excellent,1
33,261,1,OnePlus,$299,6.1 inches,18 hours,Excellent,0
33,261,2,Samsung,$299,6.7 inches,18 hours,Good,0
33,261,3,Google,$299,6.1 inches,18 hours,Good,1
33,262,1,Google,$599,6.7 inches,24 hours,Basic,0
33,262,2,Samsung,$399,6.1 inches,24 hours,Good,1
33,262,3,Google,$499,6.7 inches,18 hours,Excellent,0
33,263,1,Apple,$399,6.1 inches,12 hours,Good,0
33,263,2,OnePlus,$499,5.5 inches,24 hours,Basic,0
33,263,3,Apple,$499,6.7 inches,24 hours,Good,1
33,264,1,Samsung,$299,5.5 inches,12 hours,Basic,0
33,264,2,Apple,$399,5.5 inches,18 hours,Basic,1
33,264,3,Google,$399,6.1 inches,18 hours,Good,0
34,265,1,OnePlus,$299,6.7 inches,12 hours,Basic,0
34,265,2,Google,$599,6.7 inches,18 hours,Basic,0
34,265,3,OnePlus,$499,6.1 inches,12 hours,Good,1
34,266,1,Apple,$499,5.5 inches,18 hours,Basic,0
34,266,2,Samsung,$399,5.5 inches,24 hours,Basic,0
34,266,3,Samsung,$499,6.7 inches,18 hours,Excellent,1
34,267,1,Apple,$299,6.1 inches,12 hours,Excellent,1
34,267,2,Samsung,$299,5.5 inches,18 hours,Excellent,0
34,267,3,Google,$499,6.1 inches,18 hours,Good,0
34,268,1,OnePlus,$499,5.5 inches,18 hours,Good,0
34,268,2,OnePlus,$299,5.5 inches,24 hours,Excellent,1
34,268,3,Google,$499,6.1 inches,24 hours,Basic,0
34,269,1,OnePlus,$299,6.1 inches,18 hours,Excellent,0
34,269,2,Google,$499,6.1 inches,24 hours,Excellent,1
34,269,3,Google,$399,5.5 inches,24 hours,Basic,0
34,270,1,Apple,$599,6.7 inches,18 hours,Excellent,0
34,270,2,Samsung,$299,6.7 inches,18 hours,Good,1
34,270,3,Google,$599,6.1 inches,18 hours,Excellent,0
34,271,1,Apple,$399,6.1 inches,24 hours,Excellent,0
34,271,2,Samsung,$599,6.7 inches,18 hours,Excellent,0
34,271,3,Google,$399,6.7 inches,24 hours,Basic,1
34,272,1,Google,$299,6.1 inches,12 hours,Excellent,0
34,272,2,Google,$399,6.7 inches,18 hours,Excellent,0
34,272,3,Apple,$399,6.1 inches,12 hours,Excellent,1
35,273,1,Google,$599,6.1 inches,18 hours,Good,0
35,273,2,Google,$599,5.5 inches,18 hours,Basic,0
35,273,3,Apple,$599,5.5 inches,24 hours,Basic,1
35,274,1,OnePlus,$499,6.1 inches,12 hours,Basic,0
35,274,2,Samsung,$399,6.1 inches,18 hours,Excellent,0
35,274,3,OnePlus,$399,6.1 inches,24 hours,Basic,1
35,275,1,Apple,$599,6.1 inches,24 hours,Basic,0
35,275,2,Google,$299,5.5 inches,18 hours,Good,1
35,275,3,Samsung,$399,6.7 inches,12 hours,Good,0
35,276,1,Apple,$399,6.7 inches,18 hours,Excellent,0
35,276,2,OnePlus,$599,6.1 inches,18 hours,Good,0
35,276,3,Apple,$299,6.7 inches,12 hours,Excellent,1
35,277,1,Google,$299,6.1 inches,24 hours,Basic,0
35,277,2,Apple,$299,6.7 inches,24 hours,Basic,1
35,277,3,Samsung,$499,6.1 inches,12 hours,Basic,0
35,278,1,OnePlus,$499,5.5 inches,12 hours,Basic,0
35,278,2,Google,$499,6.1 inches,24 hours,Excellent,1
35,278,3,Google,$599,6.7 inches,12 hours,Good,0
35,279,1,OnePlus,$499,5.5 inches,12 hours,Good,0
35,279,2,Apple,$399,5.5 inches,24 hours,Basic,0
35,279,3,Samsung,$299,6.7 inches,24 hours,Basic,1
35,280,1,Apple,$499,6.7 inches,24 hours,Basic,1
35,280,2,OnePlus,$499,6.7 inches,24 hours,Basic,0
35,280,3,Apple,$299,6.7 inches,12 hours,Basic,0
36,281,1,Apple,$599,6.1 inches,18 hours,Basic,1
36,281,2,Google,$599,6.7 inches,12 hours,Basic,0
36,281,3,Apple,$499,6.1 inches,24 hours,Basic,0
36,282,1,Google,$399,6.1 inches,12 hours,Excellent,0
36,282,2,Apple,$499,5.5 inches,12 hours,Good,0
36,282,3,Samsung,$399,6.1 inches,24 hours,Basic,1
36,283,1,Google,$599,6.1 inches,12 hours,Basic,0
36,283,2,OnePlus,$399,6.7 inches,18 hours,Good,0
36,283,3,Samsung,$299,5.5 inches,24 hours,Basic,1
36,284,1,Apple,$599,5.5 inches,12 hours,Excellent,0
36,284,2,Apple,$299,6.1 inches,24 hours,Basic,1
36,284,3,OnePlus,$499,6.1 inches,18 hours,Basic,0
36,285,1,Apple,$399,5.5 inches,18 hours,Good,0
36,285,2,Google,$599,6.7 inches,12 hours,Basic,0
36,285,3,Apple,$299,5.5 inches,24 hours,Excellent,1
36,286,1,Samsung,$499,6.1 inches,18 hours,Excellent,0
36,286,2,Google,$299,6.1 inches,18 hours,Basic,1
36,286,3,Apple,$599,6.1 inches,18 hours,Good,0
36,287,1,OnePlus,$599,6.1 inches,24 hours,Basic,0
36,287,2,Apple,$399,6.7 inches,24 hours,Basic,1
36,287,3,Samsung,$299,6.1 inches,24 hours,Good,0
36,288,1,OnePlus,$399,6.7 inches,18 hours,Good,0
36,288,2,Apple,$399,6.1 inches,18 hours,Basic,1
36,288,3,OnePlus,$599,5.5 inches,12 hours,Good,0
37,289,1,Google,$299,6.7 inches,24 hours,Excellent,1
37,289,2,Samsung,$499,6.7 inches,24 hours,Excellent,0
37,289,3,Apple,$599,6.7 inches,24 hours,Basic,0
37,290,1,OnePlus,$499,6.7 inches,24 hours,Excellent,1
37,290,2,OnePlus,$399,6.7 inches,24 hours,Basic,0
37,290,3,Apple,$399,6.7 inches,18 hours,Good,0
37,291,1,Samsung,$299,6.1 inches,18 hours,Basic,1
37,291,2,Google,$499,5.5 inches,24 hours,Basic,0
37,291,3,OnePlus,$599,5.5 inches,12 hours,Good,0
37,292,1,OnePlus,$599,5.5 inches,18 hours,Good,0
37,292,2,Google,$299,6.1 inches,24 hours,Excellent,1
37,292,3,Apple,$299,6.1 inches,18 hours,Basic,0
37,293,1,Apple,$299,6.7 inches,24 hours,Excellent,1
37,293,2,Google,$399,6.7 inches,24 hours,Good,0
37,293,3,Google,$499,5.5 inches,12 hours,Good,0
37,294,1,Google,$599,6.7 inches,24 hours,Good,1
37,294,2,OnePlus,$299,5.5 inches,24 hours,Basic,0
37,294,3,Apple,$499,6.1 inches,24 hours,Good,0
37,295,1,Google,$299,5.5 inches,12 hours,Good,1
37,295,2,Samsung,$599,5.5 inches,18 hours,Excellent,0
37,295,3,Samsung,$399,5.5 inches,18 hours,Basic,0
37,296,1,OnePlus,$399,6.7 inches,18 hours,Basic,0
37,296,2,OnePlus,$299,6.7 inches,24 hours,Excellent,0
37,296,3,Apple,$599,6.1 inches,24 hours,Excellent,1
38,297,1,Samsung,$599,5.5 inches,24 hours,Excellent,1
38,297,2,Apple,$599,6.7 inches,18 hours,Excellent,0
38,297,3,Samsung,$399,6.7 inches,12 hours,Basic,0
38,298,1,OnePlus,$499,6.7 inches,18 hours,Good,0
38,298,2,Samsung,$499,6.1 inches,18 hours,Good,0
38,298,3,OnePlus,$399,5.5 inches,18 hours,Excellent,1
38,299,1,Google,$499,6.7 inches,24 hours,Excellent,0
38,299,2,Samsung,$399,5.5 inches,24 hours,Excellent,1
38,299,3,Google,$499,6.7 inches,12 hours,Excellent,0
38,300,1,Samsung,$499,6.7 inches,12 hours,Good,0
38,300,2,OnePlus,$599,6.7 inches,24 hours,Excellent,1
38,300,3,Google,$599,5.5 inches,24 hours,Basic,0
38,301,1,Apple,$599,5.5 inches,12 hours,Excellent,0
38,301,2,Apple,$399,6.1 inches,12 hours,Good,1
38,301,3,Google,$399,5.5 inches,24 hours,Good,0
38,302,1,Samsung,$299,6.1 inches,18 hours,Basic,1
38,302,2,Samsung,$599,5.5 inches,24 hours,Excellent,0
38,302,3,Google,$299,6.1 inches,18 hours,Good,0
38,303,1,Google,$299,5.5 inches,24 hours,Good,0
38,303,2,Samsung,$599,5.5 inches,24 hours,Excellent,0
38,303,3,Google,$399,6.7 inches,12 hours,Good,1
38,304,1,OnePlus,$399,6.7 inches,12 hours,Basic,0
38,304,2,Samsung,$299,6.1 inches,12 hours,Good,1
38,304,3,Google,$499,5.5 inches,12 hours,Excellent,0
39,305,1,Google,$299,6.1 inches,18 hours,Excellent,0
39,305,2,Samsung,$299,5.5 inches,18 hours,Excellent,1
39,305,3,Apple,$499,6.1 inches,24 hours,Excellent,0
39,306,1,Google,$299,6.7 inches,18 hours,Excellent,1
39,306,2,Samsung,$399,6.7 inches,12 hours,Excellent,0
39,306,3,Samsung,$599,6.7 inches,24 hours,Good,0
39,307,1,Apple,$499,5.5 inches,12 hours,Excellent,0
39,307,2,Google,$499,6.1 inches,18 hours,Basic,1
39,307,3,OnePlus,$299,5.5 inches,24 hours,Good,0
39,308,1,OnePlus,$399,6.7 inches,24 hours,Excellent,1
39,308,2,Samsung,$299,6.7 inches,18 hours,Good,0
39,308,3,Apple,$599,6.1 inches,24 hours,Excellent,0
39,309,1,Google,$299,6.7 inches,18 hours,Excellent,1
39,309,2,OnePlus,$599,5.5 inches,18 hours,Excellent,0
39,309,3,Samsung,$499,6.7 inches,12 hours,Basic,0
39,310,1,Samsung,$299,6.7 inches,12 hours,Basic,0
39,310,2,Samsung,$599,5.5 inches,12 hours,Excellent,0
39,310,3,OnePlus,$299,6.7 inches,24 hours,Basic,1
39,311,1,Apple,$599,6.7 inches,18 hours,Basic,1
39,311,2,Apple,$299,5.5 inches,12 hours,Good,0
39,311,3,Apple,$399,6.1 inches,18 hours,Good,0
39,312,1,OnePlus,$599,6.1 inches,18 hours,Basic,0
39,312,2,OnePlus,$299,6.7 inches,12 hours,Excellent,0
39,312,3,Apple,$299,6.7 inches,12 hours,Good,1
40,313,1,Apple,$499,6.7 inches,18 hours,Excellent,1
40,313,2,Apple,$499,6.1 inches,18 hours,Good,0
40,313,3,Apple,$599,5.5 inches,24 hours,Basic,0
40,314,1,Samsung,$599,6.7 inches,18 hours,Excellent,0
40,314,2,Samsung,$499,6.7 inches,24 hours,Excellent,1
40,314,3,Google,$299,6.7 inches,24 hours,Basic,0
40,315,1,Apple,$299,5.5 inches,24 hours,Excellent,0
40,315,2,OnePlus,$299,6.1 inches,12 hours,Excellent,0
40,315,3,Google,$399,6.1 inches,24 hours,Excellent,1
40,316,1,Samsung,$399,5.5 inches,12 hours,Excellent,1
40,316,2,Google,$399,5.5 inches,12 hours,Excellent,0
40,316,3,Apple,$599,6.7 inches,24 hours,Basic,0
40,317,1,Google,$299,6.1 inches,12 hours,Basic,0
40,317,2,OnePlus,$499,6.1 inches,12 hours,Excellent,0
40,317,3,Samsung,$299,6.1 inches,24 hours,Basic,1
40,318,1,Samsung,$499,6.1 inches,18 hours,Good,0
40,318,2,Google,$399,6.7 inches,24 hours,Good,1
40,318,3,Google,$599,5.5 inches,12 hours,Good,0
40,319,1,Samsung,$399,6.7 inches,24 hours,Excellent,1
40,319,2,OnePlus,$499,6.1 inches,12 hours,Excellent,0
40,319,3,Google,$599,6.1 inches,18 hours,Good,0
40,320,1,Google,$599,6.7 inches,12 hours,Basic,0
40,320,2,Apple,$499,5.5 inches,24 hours,Basic,1
40,320,3,Google,$299,6.7 inches,12 hours,Basic,0
41,321,1,Apple,$599,6.7 inches,12 hours,Basic,0
41,321,2,Google,$599,6.7 inches,12 hours,Good,0
41,321,3,OnePlus,$399,6.7 inches,24 hours,Good,1
41,322,1,Samsung,$599,6.7 inches,24 hours,Basic,0
41,322,2,OnePlus,$499,6.7 inches,12 hours,Excellent,0
41,322,3,Samsung,$399,6.7 inches,12 hours,Good,1
41,323,1,Samsung,$399,6.7 inches,24 hours,Excellent,1
41,323,2,Samsung,$599,6.1 inches,12 hours,Basic,0
41,323,3,OnePlus,$399,5.5 inches,18 hours,Good,0
41,324,1,Samsung,$299,6.7 inches,12 hours,Excellent,1
41,324,2,Google,$599,6.1 inches,18 hours,Basic,0
41,324,3,Apple,$499,5.5 inches,24 hours,Excellent,0
41,325,1,Google,$499,6.7 inches,24 hours,Excellent,0
41,325,2,Samsung,$599,6.7 inches,18 hours,Good,0
41,325,3,Apple,$499,6.1 inches,12 hours,Excellent,1
41,326,1,OnePlus,$499,6.1 inches,18 hours,Good,0
41,326,2,Apple,$399,6.1 inches,12 hours,Basic,0
41,326,3,Apple,$499,5.5 inches,12 hours,Basic,1
41,327,1,Samsung,$499,6.7 inches,24 hours,Basic,1
41,327,2,Samsung,$599,6.1 inches,24 hours,Basic,0
41,327,3,OnePlus,$599,6.1 inches,12 hours,Excellent,0
41,328,1,Samsung,$599,5.5 inches,12 hours,Basic,0
41,328,2,Samsung,$399,5.5 inches,24 hours,Excellent,1
41,328,3,Apple,$399,5.5 inches,12 hours,Good,0
42,329,1,Samsung,$599,6.7 inches,24 hours,Excellent,1
42,329,2,Apple,$499,5.5 inches,12 hours,Good,0
42,329,3,OnePlus,$599,5.5 inches,12 hours,Good,0
42,330,1,Samsung,$399,6.7 inches,24 hours,Excellent,1
42,330,2,Google,$399,6.7 inches,24 hours,Good,0
42,330,3,OnePlus,$299,5.5 inches,18 hours,Good,0
42,331,1,Samsung,$299,5.5 inches,12 hours,Excellent,0
42,331,2,OnePlus,$399,6.7 inches,12 hours,Basic,0
42,331,3,OnePlus,$299,6.7 inches,24 hours,Basic,1
42,332,1,Apple,$599,6.7 inches,12 hours,Excellent,0
42,332,2,Apple,$599,6.7 inches,18 hours,Good,0
42,332,3,Apple,$599,5.5 inches,18 hours,Good,1
42,333,1,Google,$299,6.1 inches,12 hours,Good,0
42,333,2,OnePlus,$399,5.5 inches,18 hours,Excellent,1
42,333,3,OnePlus,$499,5.5 inches,12 hours,Excellent,0
42,334,1,Apple,$299,6.7 inches,12 hours,Good,1
42,334,2,Samsung,$499,6.1 inches,18 hours,Basic,0
42,334,3,Samsung,$599,6.7 inches,24 hours,Good,0
42,335,1,Google,$599,6.7 inches,18 hours,Excellent,0
42,335,2,Google,$599,5.5 inches,18 hours,Excellent,0
42,335,3,OnePlus,$399,6.1 inches,24 hours,Excellent,1
42,336,1,OnePlus,$499,6.1 inches,24 hours,Good,0
42,336,2,OnePlus,$399,6.7 inches,12 hours,Excellent,1
42,336,3,Samsung,$599,6.7 inches,12 hours,Basic,0
43,337,1,Samsung,$599,6.1 inches,24 hours,Excellent,0
43,337,2,Apple,$399,6.1 inches,24 hours,Basic,0
43,337,3,Apple,$399,6.1 inches,24 hours,Good,1
43,338,1,Apple,$299,6.1 inches,12 hours,Good,0
43,338,2,Apple,$299,6.7 inches,18 hours,Good,0
43,338,3,Google,$299,5.5 inches,24 hours,Good,1
43,339,1,OnePlus,$299,5.5 inches,24 hours,Excellent,0
43,339,2,Google,$399,5.5 inches,24 hours,Excellent,0
43,339,3,Samsung,$399,6.7 inches,12 hours,Good,1
43,340,1,Samsung,$299,5.5 inches,12 hours,Good,0
43,340,2,OnePlus,$499,6.7 inches,18 hours,Good,0
43,340,3,Samsung,$299,6.7 inches,24 hours,Basic,1
43,341,1,Apple,$499,6.7 inches,24 hours,Excellent,1
43,341,2,Google,$499,6.1 inches,12 hours,Excellent,0
43,341,3,Samsung,$599,6.1 inches,24 hours,Basic,0
43,342,1,Google,$399,6.1 inches,24 hours,Basic,0
43,342,2,Apple,$499,6.1 inches,12 hours,Excellent,0
43,342,3,Google,$499,6.7 inches,18 hours,Good,1
43,343,1,OnePlus,$399,6.1 inches,18 hours,Excellent,0
43,343,2,OnePlus,$299,6.1 inches,12 hours,Good,0
43,343,3,Apple,$599,6.7 inches,12 hours,Excellent,1
43,344,1,Samsung,$499,6.1 inches,18 hours,Excellent,0
43,344,2,Apple,$499,5.5 inches,18 hours,Basic,1
43,344,3,OnePlus,$499,5.5 inches,24 hours,Basic,0
44,345,1,OnePlus,$499,6.1 inches,12 hours,Excellent,0
44,345,2,Google,$399,6.7 inches,24 hours,Basic,1
44,345,3,OnePlus,$399,5.5 inches,24 hours,Basic,0
44,346,1,Google,$399,5.5 inches,12 hours,Basic,0
44,346,2,Google,$399,5.5 inches,12 hours,Basic,1
44,346,3,OnePlus,$299,6.7 inches,12 hours,Good,0
44,347,1,Google,$499,6.1 inches,24 hours,Good,1
44,347,2,OnePlus,$399,6.7 inches,18 hours,Good,0
44,347,3,Samsung,$399,5.5 inches,24 hours,Good,0
44,348,1,OnePlus,$299,6.7 inches,18 hours,Good,0
44,348,2,Samsung,$599,5.5 inches,24 hours,Excellent,1
44,348,3,OnePlus,$499,6.7 inches,12 hours,Basic,0
44,349,1,Samsung,$599,6.7 inches,12 hours,Good,0
44,349,2,Google,$499,5.5 inches,24 hours,Good,0
44,349,3,Samsung,$499,6.1 inches,24 hours,Good,1
44,350,1,Google,$399,6.1 inches,18 hours,Basic,1
44,350,2,OnePlus,$499,6.1 inches,18 hours,Good,0
44,350,3,OnePlus,$399,6.7 inches,12 hours,Excellent,0
44,351,1,Samsung,$299,6.7 inches,18 hours,Basic,1
44,351,2,OnePlus,$599,5.5 inches,12 hours,Excellent,0
44,351,3,Samsung,$599,5.5 inches,12 hours,Good,0
44,352,1,OnePlus,$399,6.7 inches,24 hours,Excellent,1
44,352,2,Google,$599,6.1 inches,18 hours,Excellent,0
44,352,3,Apple,$599,5.5 inches,24 hours,Basic,0
45,353,1,Apple,$399,6.1 inches,18 hours,Excellent,0
45,353,2,Apple,$599,6.7 inches,18 hours,Good,0
45,353,3,Google,$499,6.7 inches,24 hours,Good,1
45,354,1,Google,$299,6.1 inches,12 hours,Good,1
45,354,2,Samsung,$399,6.1 inches,18 hours,Good,0
45,354,3,OnePlus,$599,5.5 inches,18 hours,Excellent,0
45,355,1,Google,$599,6.7 inches,12 hours,Basic,0
45,355,2,Google,$599,6.7 inches,24 hours,Excellent,1
45,355,3,OnePlus,$299,5.5 inches,12 hours,Good,0
45,356,1,Samsung,$499,6.1 inches,24 hours,Good,1
45,356,2,Google,$599,6.1 inches,18 hours,Good,0
45,356,3,OnePlus,$599,5.5 inches,12 hours,Basic,0
45,357,1,Samsung,$399,6.7 inches,18 hours,Excellent,0
45,357,2,Apple,$399,5.5 inches,18 hours,Basic,0
45,357,3,Apple,$299,6.1 inches,24 hours,Basic,1
45,358,1,Apple,$599,6.7 inches,12 hours,Basic,0
45,358,2,Google,$399,5.5 inches,24 hours,Good,0
45,358,3,Google,$399,5.5 inches,24 hours,Good,1
45,359,1,OnePlus,$399,5.5 inches,24 hours,Basic,0
45,359,2,Apple,$299,6.7 inches,18 hours,Good,1
45,359,3,OnePlus,$599,6.7 inches,18 hours,Excellent,0
45,360,1,OnePlus,$399,6.7 inches,24 hours,Basic,0
45,360,2,OnePlus,$599,6.7 inches,24 hours,Excellent,1
45,360,3,Google,$499,6.1 inches,24 hours,Basic,0
46,361,1,Apple,$599,6.1 inches,18 hours,Good,0
46,361,2,Google,$399,6.1 inches,12 hours,Basic,1
46,361,3,Samsung,$499,6.1 inches,18 hours,Excellent,0
46,362,1,Apple,$599,6.1 inches,18 hours,Basic,0
46,362,2,OnePlus,$499,6.7 inches,12 hours,Basic,0
46,362,3,Google,$399,6.1 inches,24 hours,Good,1
46,363,1,OnePlus,$399,5.5 inches,24 hours,Excellent,1
46,363,2,OnePlus,$599,5.5 inches,18 hours,Basic,0
46,363,3,OnePlus,$399,6.7 inches,24 hours,Excellent,0
46,364,1,Google,$499,6.7 inches,24 hours,Excellent,1
46,364,2,Google,$599,5.5 inches,12 hours,Basic,0
46,364,3,Samsung,$499,5.5 inches,24 hours,Good,0
46,365,1,OnePlus,$499,6.7 inches,24 hours,Good,0
46,365,2,Samsung,$499,5.5 inches,12 hours,Basic,0
46,365,3,Apple,$399,5.5 inches,18 hours,Good,1
46,366,1,Samsung,$599,6.7 inches,12 hours,Basic,0
46,366,2,Apple,$399,5.5 inches,18 hours,Basic,1
46,366,3,Google,$599,6.1 inches,18 hours,Good,0
46,367,1,OnePlus,$299,6.1 inches,12 hours,Basic,0
46,367,2,Apple,$499,6.1 inches,12 hours,Excellent,1
46,367,3,OnePlus,$399,5.5 inches,18 hours,Good,0
46,368,1,Apple,$299,6.7 inches,12 hours,Good,1
46,368,2,OnePlus,$399,6.7 inches,12 hours,Basic,0
46,368,3,OnePlus,$299,6.7 inches,24 hours,Basic,0
47,369,1,OnePlus,$599,6.7 inches,18 hours,Good,0
47,369,2,Samsung,$299,6.7 inches,24 hours,Excellent,1
47,369,3,Apple,$499,6.1 inches,24 hours,Good,0
47,370,1,Samsung,$499,5.5 inches,24 hours,Basic,0
47,370,2,Apple,$399,6.7 inches,18 hours,Good,0
47,370,3,Apple,$399,6.1 inches,24 hours,Basic,1
47,371,1,OnePlus,$399,5.5 inches,12 hours,Excellent,0
47,371,2,OnePlus,$399,6.1 inches,12 hours,Basic,0
47,371,3,Samsung,$599,5.5 inches,24 hours,Excellent,1
47,372,1,Google,$299,5.5 inches,18 hours,Excellent,1
47,372,2,Samsung,$299,5.5 inches,18 hours,Basic,0
47,372,3,Google,$499,6.1 inches,24 hours,Basic,0
47,373,1,Apple,$599,6.1 inches,24 hours,Basic,1
47,373,2,Google,$299,6.1 inches,24 hours,Good,0
47,373,3,Google,$599,5.5 inches,24 hours,Basic,0
47,374,1,Google,$499,6.7 inches,18 hours,Good,1
47,374,2,Samsung,$299,6.7 inches,12 hours,Good,0
47,374,3,Google,$499,6.7 inches,18 hours,Good,0
47,375,1,Apple,$599,6.7 inches,12 hours,Basic,0
47,375,2,Google,$399,6.1 inches,24 hours,Basic,0
47,375,3,OnePlus,$399,6.7 inches,24 hours,Good,1
47,376,1,Samsung,$499,6.1 inches,18 hours,Excellent,0
47,376,2,Google,$299,5.5 inches,24 hours,Excellent,1
47,376,3,Apple,$299,5.5 inches,12 hours,Basic,0
48,377,1,Samsung,$299,6.1 inches,12 hours,Basic,0
48,377,2,Apple,$599,6.7 inches,18 hours,Excellent,1
48,377,3,Google,$299,6.1 inches,12 hours,Excellent,0
48,378,1,Apple,$299,5.5 inches,24 hours,Good,1
48,378,2,Apple,$599,6.7 inches,12 hours,Good,0
48,378,3,OnePlus,$499,6.7 inches,12 hours,Excellent,0
48,379,1,Google,$299,6.7 inches,12 hours,Good,0
48,379,2,Apple,$399,6.7 inches,12 hours,Basic,1
48,379,3,Samsung,$599,5.5 inches,12 hours,Excellent,0
48,380,1,Samsung,$399,6.7 inches,24 hours,Excellent,1
48,380,2,OnePlus,$299,6.7 inches,24 hours,Good,0
48,380,3,OnePlus,$599,5.5 inches,12 hours,Basic,0
48,381,1,OnePlus,$499,6.7 inches,12 hours,Excellent,0
48,381,2,OnePlus,$499,6.1 inches,24 hours,Good,0
48,381,3,Google,$599,6.7 inches,18 hours,Excellent,1
48,382,1,Google,$399,6.7 inches,24 hours,Basic,1
48,382,2,OnePlus,$499,6.1 inches,18 hours,Good,0
48,382,3,OnePlus,$299,6.7 inches,12 hours,Good,0
48,383,1,Apple,$399,6.1 inches,12 hours,Good,0
48,383,2,Samsung,$399,6.1 inches,12 hours,Excellent,1
48,383,3,Google,$399,5.5 inches,12 hours,Good,0
48,384,1,Google,$399,5.5 inches,18 hours,Good,0
48,384,2,Samsung,$399,6.1 inches,18 hours,Basic,1
48,384,3,OnePlus,$399,6.7 inches,12 hours,Excellent,0
49,385,1,Google,$599,5.5 inches,18 hours,Excellent,0
49,385,2,Apple,$499,5.5 inches,24 hours,Excellent,1
49,385,3,OnePlus,$299,5.5 inches,18 hours,Good,0
49,386,1,OnePlus,$599,5.5 inches,12 hours,Excellent,0
49,386,2,Apple,$599,5.5 inches,18 hours,Excellent,1
49,386,3,Apple,$499,6.7 inches,24 hours,Basic,0
49,387,1,Google,$399,5.5 inches,12 hours,Excellent,0
49,387,2,OnePlus,$599,6.7 inches,24 hours,Excellent,1
49,387,3,Apple,$399,6.1 inches,18 hours,Good,0
49,388,1,Samsung,$399,6.1 inches,12 hours,Good,1
49,388,2,Apple,$599,6.1 inches,12 hours,Good,0
49,388,3,OnePlus,$399,5.5 inches,18 hours,Excellent,0
49,389,1,Samsung,$599,6.1 inches,24 hours,Excellent,1
49,389,2,Samsung,$399,5.5 inches,12 hours,Good,0
49,389,3,OnePlus,$499,6.7 inches,24 hours,Basic,0
49,390,1,Apple,$599,6.1 inches,18 hours,Good,0
49,390,2,Samsung,$499,6.1 inches,24 hours,Excellent,1
49,390,3,Apple,$499,5.5 inches,18 hours,Excellent,0
49,391,1,OnePlus,$399,6.1 inches,12 hours,Basic,0
49,391,2,Samsung,$499,5.5 inches,24 hours,Basic,0
49,391,3,Apple,$299,5.5 inches,24 hours,Basic,1
49,392,1,Google,$299,6.1 inches,24 hours,Basic,1
49,392,2,Google,$599,6.1 inches,12 hours,Good,0
49,392,3,Samsung,$399,5.5 inches,24 hours,Excellent,0
50,393,1,Google,$599,6.7 inches,24 hours,Basic,0
50,393,2,Apple,$599,6.7 inches,24 hours,Excellent,1
50,393,3,Apple,$499,5.5 inches,12 hours,Good,0
50,394,1,Samsung,$499,5.5 inches,18 hours,Excellent,0
50,394,2,Apple,$299,6.1 inches,24 hours,Good,0
50,394,3,Google,$299,5.5 inches,18 hours,Excellent,1
50,395,1,OnePlus,$399,6.1 inches,24 hours,Excellent,0
50,395,2,Apple,$499,6.1 inches,24 hours,Excellent,0
50,395,3,Apple,$399,5.5 inches,24 hours,Good,1
50,396,1,Apple,$299,5.5 inches,24 hours,Good,0
50,396,2,Google,$599,6.1 inches,24 hours,Basic,0
50,396,3,Apple,$499,6.7 inches,18 hours,Good,1
50,397,1,Google,$399,6.7 inches,18 hours,Basic,0
50,397,2,Google,$599,5.5 inches,24 hours,Good,0
50,397,3,Samsung,$399,6.1 inches,18 hours,Excellent,1
50,398,1,Samsung,$299,6.7 inches,18 hours,Excellent,1
50,398,2,Samsung,$599,5.5 inches,24 hours,Basic,0
50,398,3,OnePlus,$499,6.7 inches,18 hours,Good,0
50,399,1,Samsung,$399,6.7 inches,12 hours,Excellent,1
50,399,2,Samsung,$399,6.1 inches,24 hours,Excellent,0
50,399,3,Samsung,$599,5.5 inches,24 hours,Excellent,0
50,400,1,Samsung,$499,5.5 inches,24 hours,Excellent,0
50,400,2,Apple,$399,6.1 inches,12 hours,Excellent,0
50,400,3,Apple,$499,6.1 inches,18 hours,Good,1
